1,ABASTECIMIENTO
2,ABOGADO
3,ACTIVIDAD FISICA Y SALUD
4,ACTUACION
5,ACUACULTURA
6,ACUICULTURA
7,ADMINISTRACION
8,ADMINISTRACION TECNICA
9,ADMINISTRACION ADUANERA
10,ADMINISTRACION ADUANERA TECNICA
11,ADMINISTRACION AGROPECUARIA
12,ADMINISTRACION AUDIOVISUAL
13,ADMINISTRACION BANCARIA
14,ADMINISTRACION BANCARIA Y FINANCIERA
15,ADMINISTRACION BANCARIA Y FINANCIERA TECNICA
16,ADMINISTRACION COMERCIAL
17,ADMINISTRACION DE ADUANAS
18,ADMINISTRACION DE COMPRAS
19,ADMINISTRACION DE DESASTRES
20,ADMINISTRACION DE EMPRESA
21,ADMINISTRACION DE EMPRESAS
22,ADMINISTRACION DE EMPRESAS TECNICA
23,ADMINISTRACION DE EMPRESAS AGROPECUARIAS
24,ADMINISTRACION DE EMPRESAS AGROPECUARIAS TECNICA
25,ADMINISTRACION DE EMPRESAS DE DISENO
26,ADMINISTRACION DE EMPRESAS HOTELERAS TECNICA
27,ADMINISTRACION DE EMPRESAS PETROLERAS
28,ADMINISTRACION DE EMPRESAS TURISTICAS
29,ADMINISTRACION DE EMPRESAS TURISTICAS TECNICA
30,ADMINISTRACION DE FINCAS
31,ADMINISTRACION DE HIDROCARBUROS
32,ADMINISTRACION DE HOSPITALES
33,ADMINISTRACION DE INSTITUCIONES DE SALUD
34,ADMINISTRACION DE LA EDUCACION BASICA
35,ADMINISTRACION DE LOS RECURSOS DEL PODER AEREO
36,ADMINISTRACION DE NEGOCIOS
37,ADMINISTRACION DE OBRAS
38,ADMINISTRACION DE PERSONAL
39,ADMINISTRACION DE PERSONAL TECNICA
40,ADMINISTRACION DE RECURSOS FISICOS Y FINANCIEROS
41,ADMINISTRACION DE RECURSOS HUMANOS
42,ADMINISTRACION DE RECURSOS HUMANOS TECNICA
43,ADMINISTRACION DE SECTOR SALUD
44,ADMINISTRACION DE SERVICIOS DE SALUD
45,ADMINISTRACION DE SISTEMAS DE MANTENIMIENTO
46,ADMINISTRACION DE TRIBUTARIA
47,ADMINISTRACION DE VENTAS
48,ADMINISTRACION DEL MANTENIMIENTO
49,ADMINISTRACION DEL SECTOR SALUD
50,ADMINISTRACION DEL TRABAJO Y RELACIONES LABORALES
51,ADMINISTRACION DEL TRANSPORTE TECNICA
52,ADMINISTRACION DEL TURISMO TECNICA
53,ADMINISTRACION EDUCACIONAL
54,ADMINISTRACION EN BANCA Y FINANZAS
55,ADMINISTRACION EN INFORMATICA
56,ADMINISTRACION EN SALUD PUBICA
57,ADMINISTRACION FINANCIERA
58,ADMINISTRACION HOTELERA
59,ADMINISTRACION INDUSTRIAL
60,ADMINISTRACION INDUSTRIAL TECNICA
61,ADMINISTRACION MUNICIPAL
62,ADMINISTRACION PARA LOS MEDIOS AUDIOVISUALES
63,ADMINISTRACION PARA MEDIOS AUDIOVISUALES
64,ADMINISTRACION PUBLICA
65,ADMINISTRACION TRIBUTARIA
66,ADMINISTRACION Y CIENCIAS COMERCIALES
67,ADMINISTRACION Y GERENCIA
68,ADMINISTRACION Y GESTION
69,ADMINISTRACION Y GESTION DE INDUSTRIAS ENERGETICAS
70,ADMINISTRACION Y GESTION MUNICIPAL
71,ADMINISTRACION Y PLANIFICACION DE EMPRESAS AGROPECUARIAS
72,ADMINISTRACION BANCA Y FINANZAS TECNICA
73,ADMINISTRACION CONTABILIDAD DE COSTOS
74,ADMINISTRACION CONTADURIA
75,ADMINISTRACION INFORMATICA
76,ADMINISTRACION MERCADEO TECNICA
77,ADMINISTRACION MERCADOTECNIA
78,ADMINISTRACION SISTEMAS ADMINISTRATIVOS Y CONTABLES
79,ADMISTRACION
80,AERONAUTICA CIVIL
81,AERONAUTICA CIVIL OPERADOR DE TELECOMUNICACIONES
82,AERONAUTICA CIVIL RADIOCOMUNICACIONES AERONAUTICAS
83,AGRICULTURA TROPICAL
84,AGRIMENSOR
85,AGRIMENSORA
86,AGROALIMENTACION
87,AGROALIMENTARIA
88,AGROECOLOGIA
89,AGROINDUSTRIAL
90,AGRONOMA DE PRODUCCION AREA PRODUCCION VEGETAL
91,AGRONOMIA
92,AGRONOMIA TECNICA
93,AGRONOMO DE PRODUCCION AREA PRODUCCION VEGETAL
94,AGROPECUARIO
95,AGROTECNIA
96,ALIMENTACION Y NUTRICION
97,ALTA GERENCIA
98,AMBIENTE DESARROLLO
99,AMBIENTE EN LOS PROCESOS DE LA INDUSTRIA PETROLERA
100,AMBIENTE Y DESARROLLO
101,ANALISIS CRITICO DEL DISCURSO
102,ANALISIS DE DATOS EN CIENCIAS SOCIALES
103,ANALISIS DE SISTEMAS TECNICA
104,ANALISIS DEL DISCURSO
105,ANALISIS ESPACIAL Y GESTION DEL TERRITORIO
106,ANALISIS Y DISENO DE SISTEMAS
107,ANALISTA DE SISTEMAS
108,ANATOMIA PATOLOGICA
109,ANESTESIA CARDIOVASCULAR PEDIATRICA
110,ANESTESIOLOGIA
111,ANESTESIOLOGIA GENERAL INTEGRAL
112,ANESTESIOLOGIA INTEGRAL
113,ANESTESIOLOGIA OBSTETRICA
114,ANESTESIOLOGIA Y REANIMACION
115,ANIMACION
116,ANIMACION AMBIENTAL
117,ANTIEXTORSION Y SECUESTRO
118,ANTROPOLOGA
119,ANTROPOLOGIA
120,ANTROPOLOGO
121,ARCHIVOLOGIA
122,ARMAMENTO
123,ARQUITECTA
124,ARQUITECTO
125,ARQUITECTURA
126,ARQUITECTURA EUS
127,ARQUITECTURA CIUDAD E IDENTIDAD
128,ARTE
129,ARTE Y SALUD
130,ARTES
131,ARTES AUDIOVISUALES
132,ARTES AUDIOVISUALES TECNICA
133,ARTES ESCENICAS
134,ARTES INDUSTRIALES
135,ARTES PLASTICAS
136,ARTES PLASTICAS HISTORIA Y TEORIA
137,ARTES VISUALES
138,ARTES Y CULTURAS DEL SUR
139,ARTILLERIA DE CAMPANA
140,ASEGURAMIENTO DE LA CALIDAD
141,ASESORAMIENTO Y CONSULTA EN EDUCACION FAMILIAR
142,ASESORAMIENTO Y DESARROLLO HUMANO
143,ASISTENCIA DE PRODUCCION
144,ASISTENCIA ESPECIALIZADA
145,ATENCION PSICOEDUCATIVA DEL AUTISMO
146,AUDIOVISUAL
147,AUDITORIA
148,AUDITORIA DE ESTADO
149,AUDITORIA DE ESTADO CON ENFASIS EN GERENCIA PUBLICA
150,AUDITORIA DE SISTEMAS FINANCIEROS Y SEGURIDAD DE DATOS
151,AUDITORIA DE TECNOLOGIA DE INFORMACION FINANCIERA Y SEGURIDAD DE DATOS
152,AUDITORIA FORENSE
153,AUDITORIA INTEGRAL
154,AUTOMOTRIZ
155,AVALUO DE BIENES INMUEBLES
156,AVALUO DE BIENES MUEBLES E INMUEBLES
157,AVIACION DEL EJERCITO
158,BACTERIOLOGIA CLINICA
159,BANCA Y FINANZAS
160,BANCA Y FINANZAS TECNICA
161,BIBLIOTECOLOGIA
162,BIBLIOTECOLOGIA Y ARCHIVOLOGIA
163,BIOANALISIS
164,BIOETICA
165,BIOINGENIERIA
166,BIOLOGIA
167,BIOLOGIA CELULAR
168,BIOLOGIA MARINA
169,BIOLOGIA MOLECULAR
170,BIOTECNOLOGIA
171,BIOTECNOLOGIA AGRICOLA
172,BIOTECNOLOGIA ALIMENTARIA
173,BOMBERO PROFESIONAL
174,BOTANICA TROPICAL
175,CABALLERIA Y BLINDADOS
176,CABELLARIA Y BLINDADOS
177,CALIDAD AMBIENTAL
178,CALIDAD INTEGRAL
179,CALIDAD INTEGRAL TECNICA
180,CARACTERIZACION Y EXPLOTACION DE YACIMIENTOS
181,CARDIOLOGIA
182,CARDIOLOGIA CLINICA
183,CARDIOLOGIA INFANTIL
184,CARDIOLOGIA INTEGRAL
185,CARDIOPULMONAR
186,CARTOGRAFIA MILITAR
187,CATASTRO Y AVALUO INMOBILIARIO URBANO
188,CERAMICA
189,CERVECERIA
190,CIENCIA ADMINISTRATIVAS
191,CIENCIA DE LA DIRECCION
192,CIENCIA DE LA EDUCACION
193,CIENCIA DE LOS ALIMENTOS
194,CIENCIA DE LOS MATERIALES
195,CIENCIA POLITICA
196,CIENCIA POLITICA Y ADMINISTRACION PUBLICA
197,CIENCIA POLITICA Y DERECHO PUBLICO
198,CIENCIA Y TECNOLOGIA COSMETICA
199,CIENCIA TECNOLOGIA E INNOVACION
200,CIENCIAS
201,CIENCIAS ACTUARIALES
202,CIENCIAS ADMINISTRATIVAS
203,CIENCIAS ADMINISTRATIVAS TECNICA
204,CIENCIAS ADMINISTRATIVAS OPCION BANCA Y FINANZAS
205,CIENCIAS ADMINISTRATIVAS Y GERENCIALES
206,CIENCIAS AERONAUTICAS
207,CIENCIAS AGRARIAS
208,CIENCIAS AGRICOLAS
209,CIENCIAS AGROPECUARIAS
210,CIENCIAS AMBIENTALES
211,CIENCIAS APLICADAS
212,CIENCIAS AUDIOVISUALES Y FOTOGRAFIA
213,CIENCIAS BIOLOGICAS
214,CIENCIAS BIOMEDICAS
215,CIENCIAS CONTABLES
216,CIENCIAS DE LA ACTIVIDAD FISICA Y EL DEPORTE
217,CIENCIAS DE LA COMPUTACION
218,CIENCIAS DE LA COMUNICACION
219,CIENCIAS DE LA CONTADURIA
220,CIENCIAS DE LA EDUCACION
221,CIENCIAS DE LA EDUCACION SUPERIOR
222,CIENCIAS DE LA ENERGIA
223,CIENCIAS DE LA INFORMACION
224,CIENCIAS DE LA INGENIERIA
225,CIENCIAS DE LA MOTRICIDAD HUMANA
226,CIENCIAS DE LA RELIGION
227,CIENCIAS DE LA SALUD
228,CIENCIAS DE LA TIERRA
229,CIENCIAS DEL DELITO
230,CIENCIAS DEL DEPORTE
231,CIENCIAS DEL FUEGO Y SEGURIDAD CONTRA INCENDIOS
232,CIENCIAS DEL FUEGO RESCATE Y SEGURIDAD
233,CIENCIAS ECONOMICAS
234,CIENCIAS ECONOMICAS Y ADMINISTRATIVAS
235,CIENCIAS ECONOMICAS Y SOCIALES
236,CIENCIAS ELECTORALES
237,CIENCIAS ESTADISTICAS
238,CIENCIAS FISCALES
239,CIENCIAS FISCALES TECNICA
240,CIENCIAS FORENSES
241,CIENCIAS FORENSES EN SALUD MENTAL
242,CIENCIAS FORENSES Y CRIMINALISTICA
243,CIENCIAS FORESTALES Y AMBIENTALES
244,CIENCIAS GASTRONOMICAS Y ARTES CULINARIAS
245,CIENCIAS GEOLOGICAS
246,CIENCIAS GERENCIALES
247,CIENCIAS HUMANAS
248,CIENCIAS JURIDICAS
249,CIENCIAS JURIDICAS MILITARES
250,CIENCIAS MARINAS
251,CIENCIAS MATEMATICAS
252,CIENCIAS MEDICAS
253,CIENCIAS MILITARES
254,CIENCIAS NATURALES PARA EDUCACION MEDIA
255,CIENCIAS NATURALESMATEMATICA Y TECNOLOGIA
256,CIENCIAS NAUTICAS
257,CIENCIAS NAVALES
258,CIENCIAS ODONTOLOGICAS
259,CIENCIAS ORGANIZACIONALES
260,CIENCIAS PARA EL DESARROLLO ESTRATEGICO
261,CIENCIAS PEDAGOGICAS MILITARES
262,CIENCIAS PENALES INTEGRALES
263,CIENCIAS PENALES Y CRIMINALISTICA
264,CIENCIAS PENALES Y CRIMINALISTICAS
265,CIENCIAS PENALES Y CRIMINALISTICAS TECNICA
266,CIENCIAS PENALES Y CRIMINOLOGICAS
267,CIENCIAS POLICIALES
268,CIENCIAS POLITICAS
269,CIENCIAS POLITICAS Y ADMINISTRATIVAS
270,CIENCIAS SOCIALES
271,CIENCIAS SOCIALES Y HUMANIDADES
272,CIENCIAS TEOLOGICAS
273,CIENCIAS VETERINARIAS
274,CIENCIAS Y ARTES MILITARES
275,CIENCIAS Y ARTES MILITARES OPCION AERONAUTICA
276,CIENCIAS Y ARTES MILITARES OPCION GUARDIA NACIONAL
277,CIENCIAS Y ARTES MILITARES OPCION TERRESTRE
278,CIENCIAS Y ARTES MILITARES OPCION GUARDIA NACIONAL MENCION ADMINISTRACION PUBLICA
279,CIENCIAS Y ARTES MILITARES OPCION TERRESTRE POLICIA MILITAR
280,CIENCIAS Y ARTES NAVALES
281,CIENCIAS Y CULTURA DE LA ALIMENTACION
282,CIRUGIA BUCAL
283,CIRUGIA BUCAL Y MAXILOFACIAL
284,CIRUGIA CARDIOVASCULAR
285,CIRUGIA DE LA MANO
286,CIRUGIA DE LA MANO Y RECONSTRUCTIVA DEL MIEMBRO SUPERIOR
287,CIRUGIA DE TORAX
288,CIRUGIA GENERAL
289,CIRUGIA GENERAL INTEGRAL
290,CIRUGIA ONCOLOGICA
291,CIRUGIA ORTOPEDICA Y TRAUMATOLOGIA
292,CIRUGIA ORTOPEDICA Y TRAUMATOLOGICA
293,CIRUGIA PEDIATRICA
294,CIRUGIA PEDIATRICA Y DEL ADOLESCENTE
295,CIRUGIA PLASTICA Y RECONSTRUCTIVA
296,CIRUGIA PLASTICA RECONSTRUCTIVA ESTETICA Y MAXILOFACIAL
297,CIRUGIA VASCULAR PERIFERICA ANGIOLOGIA Y LINFOLOGIA
298,CITOTECNOLOGIA
299,CITOTECNOLOGIA TECNICA
300,CIVIL
301,CLINICA MENTAL
302,COMERCIO EXTERIOR
303,COMERCIO EXTERIOR TECNICA
304,COMERCIO INTERNACIONAL
305,COMERCIO MARITIMO INTERNACIONAL
306,COMPLEJIDAD Y DESARROLLO HUMANO EN LA DISCAPACIDAD
307,COMPOSICION MUSICAL
308,COMPUTACION
309,COMPUTACION TECNICA
310,COMPUTACION APLICADA
311,COMUNICACION
312,COMUNICACION CORPORATIVA
313,COMUNICACION EMPRESARIAL Y CORPORATIVA
314,COMUNICACION ORGANIZACIONAL
315,COMUNICACION SOCIAL
316,COMUNICACION VISUAL
317,COMUNICACION Y DESARROLLO
318,COMUNICACION Y ELECTRONICA
319,COMUNICACIONES MILITARES
320,COMUNICACIONES Y ELECTRONICA
321,COMUNICACIONES Y ELECTRONICA TECNICA
322,CONFIABILIDAD Y MANTENIMIENTO INDUSTRIAL
323,CONSEJERIA EN SEXOLOGIA
324,CONSERVACION Y RESTAURACION DE BIENES CULTURALES MUEBLES
325,CONSTRUCCION
326,CONSTRUCCION CIVIL
327,CONSTRUCCION CIVIL TECNICA
328,CONSTRUCCION DE OBRAS CIVILES
329,CONSTRUCCIONES CIVILES
330,CONSULTOR TECNICO CIENCIAS FORENSES Y CRIMINALISTICAS
331,CONSULTOR TECNICO EN CRIMINOLOGIA Y CRIMINALISTICA
332,CONTABILIDAD
333,CONTABILIDAD COMPUTARIZADA
334,CONTABILIDAD Y COSTOS
335,CONTABILIDAD Y FINANZAS
336,CONTADOR GENERAL
337,CONTADURIA
338,CONTADURIA TECNICA
339,CONTADURIA GENERAL
340,CONTADURIA PUBLICA
341,CONTADURIA PUBLICA TECNICA
342,CONTADURIA Y FINANZAS
343,CONTROL AEROESPACIAL
344,CONTROL CONTENCIOSO ADMINISTRATIVO DE LAS CONDUCTAS DEL PODER PUBLICO
345,CONTROL DE CALIDAD
346,CONTROL DE GESTION PUBLICA PROMOCION BICENTENARIO DE LA BATALLA DE CARABOBO
347,CONTROL DE LA GESTION PUBLICA
348,CONTROL Y GESTION AMBIENTAL
349,CONTROLES AUTOMATICOS
350,CONTROLES INDUSTRIALES
351,CORROSION Y PROTECCION DE MATERIALES METALICOS
352,CREACION Y PROGRAMACION DE VIDEOJUEGOS
353,CRIMINALISTICA
354,CRIMINALISTICA DE CAMPO
355,CRIMINOLOGIA
356,CRIMINOLOGIA Y CRIMINALISTICA
357,CRIMINOLOGO
358,CRITICA JURIDICA
359,CULTURA DE PAZ Y DERECHO INTERNACIONAL HUMANITARIO
360,CULTURA LATINOAMERICANA Y CARIBENA
361,CULTURA Y ARTE PARA AMERICA LATINA Y EL CARIBE
362,CURRICULO
363,CURRICULUM
364,DANZA
365,DANZA Y ARTES DEL MOVIMIENTO
366,DE LA PRODUCCION AGROPECUARIA
367,DE SISTEMAS
368,DEFENSA AEROESPACIAL INTEGRAL
369,DEFENSA DE LA MUJER
370,DEFENSA DE LOS DERECHOS HUMANOS
371,DEFENSA INTEGRAL DE LA NACION
372,DEPORTES
373,DEPORTES TECNICA
374,DERECHO
375,DERECHO ADMINISTRATIVO
376,DERECHO AERONAUTICO
377,DERECHO AERONAUTICO Y ESPACIAL
378,DERECHO AGRARIO INTEGRAL
379,DERECHO AGRARIO Y AMBIENTAL
380,DERECHO AMBIENTAL Y DESARROLLO SUSTENTABLE
381,DERECHO CANONICO
382,DERECHO CIVIL
383,DERECHO CON ENFASIS EN DERECHO ADMINISTRATIVO
384,DERECHO CON ENFASIS EN DERECHO CONSTITUCIONAL
385,DERECHO CONSTITUCIONAL
386,DERECHO CONSTITUCIONAL Y CRITICA JURIDICA
387,DERECHO CORPORATIVO
388,DERECHO DE LA ECONOMIA
389,DERECHO DE LA NAVEGACION Y DEL COMERCIO POR AGUA
390,DERECHO DE LA NINEZ Y DE LA ADOLESCENCIA
391,DERECHO DE LAS TELECOMUNICACIONES
392,DERECHO DEL DEPORTE
393,DERECHO DEL TRABAJO
394,DERECHO DEL TRABAJO Y LA SEGURIDAD SOCIAL
395,DERECHO DEL TRABAJO Y MEDIOS TECNOLOGICOS
396,DERECHO DEL TRABAJO Y SEGURIDAD SOCIAL
397,DERECHO DIGITAL
398,DERECHO EDUCATIVO
399,DERECHO FINANCIERO
400,DERECHO INDIGENA
401,DERECHO INTERNACIONAL
402,DERECHO INTERNACIONAL DE LOS DERECHOS HUMANOS
403,DERECHO INTERNACIONAL ECONOMICO Y DE LA INTEGRACION
404,DERECHO INTERNACIONAL HUMANITARIO
405,DERECHO INTERNACIONAL PUBLICO
406,DERECHO LABORAL
407,DERECHO LABORAL Y ADMINISTRACION DEL TRABAJO
408,DERECHO MERCANTIL
409,DERECHO MERCANTIL OPCION SOCIEDADES MERCANTILES
410,DERECHO PENAL
411,DERECHO PENAL INTERNACIONAL
412,DERECHO PENAL MILITAR
413,DERECHO PENAL Y CRIMINOLOGIA
414,DERECHO PRIVADO
415,DERECHO PROBATORIO
416,DERECHO PROCESAL
417,DERECHO PROCESAL CIVIL
418,DERECHO PROCESAL CONSTITUCIONAL
419,DERECHO PROCESAL DEL TRABAJO
420,DERECHO PROCESAL LABORAL
421,DERECHO PROCESAL PENAL
422,DERECHO PROCESAL TRIBUTARIO
423,DERECHO TRIBUTARIO
424,DERECHO Y GLOBALIZACION
425,DERECHO Y POLITICA INTERNACIONAL
426,DERECHO Y RELACIONES INTERNACIONALES
427,DERECHOS DE LOS NINOS NINAS Y ADOLESCENTES CONVIVENCIA SOLIDARIA Y PAZ
428,DERECHOS HUMANOS
429,DERECHOS INDIGENAS
430,DERMATOLOGIA
431,DERMATOLOGIA MEDICA QUIRURGICA Y ESTETICA
432,DERMATOLOGIA PEDIATRICA
433,DERMATOLOGIA Y SIFILOGRAFIA
434,DERMOPATOLOGIA
435,DESARROLLO AGRARIO
436,DESARROLLO CURRICULAR
437,DESARROLLO DE LA GESTION ACADEMICA UNIVERSITARIA
438,DESARROLLO DE LOS RECURSOS DE AGUAS Y TIERRAS
439,DESARROLLO DE SOFTWARE
440,DESARROLLO EMPRESARIAL
441,DESARROLLO ENDOGENO
442,DESARROLLO HUMANO
443,DESARROLLO INFANTIL Y SUS DESVIACIONES
444,DESARROLLO INTEGRAL DE LA MUJER
445,DESARROLLO ORGANIZACIONAL
446,DESARROLLO REGIONAL
447,DESARROLLO RURAL
448,DESARROLLO SOCIAL
449,DESARROLLO SOSTENIBLE
450,DESARROLLO SUSTENTABLE DE TERRITORIOS RURALES
451,DESARROLLO URBANO
452,DESARROLLO URBANO LOCAL
453,DESARROLLO Y AMBIENTE
454,DESARROLO ENDOGENO
455,DIAGNOSTICO POR IMAGENES
456,DIDACTICA DE LA MATEMATICA
457,DIDACTICA Y APRENDIZAJE
458,DIDACTICAS DE LAS MATEMATICAS
459,DINAMICA DE GRUPOS
460,DINAMICAS DE GRUPOS
461,DIRECCION AUDIOVISUAL
462,DIRECCION DE ARTE
463,DIRECCION DE ARTE PARA TELEVISION TECNICA
464,DIRECCION DE FOTOGRAFIA
465,DIRECCION DE SEGURIDAD PUBLICA
466,DIRECCION DE TELEVISION
467,DIRECCION DE TELEVISION TECNICA
468,DIRECCION ESTRATEGICA
469,DIRECCION Y SUPERVISION EDUCATIVA
470,DISENO AMBIENTAL
471,DISENO DE CARRETERAS
472,DISENO DE JOYAS Y FANTASIAS
473,DISENO DE MODA
474,DISENO DE MODAS
475,DISENO DE OBRAS CIVILES
476,DISENO GRAFICO
477,DISENO GRAFICO TECNICA
478,DISENO GRAFICO PUBLICITARIO
479,DISENO INDUSTRIAL
480,DISENO INDUSTRIAL TECNICA
481,DISENO INTEGRAL
482,DISENO INTEGRAL COMUNITARIO
483,DISENO INTERIOR
484,DISENO PARTICIPATIVO
485,DISENO TEXTIL
486,DISENO URBANO
487,DISTRIBUCION Y LOGISTICA
488,DIVERSIDAD HUMANA
489,DOCENCIA AGROPECUARIA
490,DOCENCIA CLINICA EN ODONTOLOGIA
491,DOCENCIA EN EDUCACION PREESCOLAR
492,DOCENCIA EN EDUCACION SUPERIOR
493,DOCENCIA EN ESTUDIOS GEOHISTORICOSCULTURALES
494,DOCENCIA EN PREESCOLAR
495,DOCENCIA PARA EDUCACION SUPERIOR
496,DOCENCIA PARA LA EDUCACION BASICA
497,DOCENCIA PARA LA EDUCACION INICIAL
498,DOCENCIA PARA LA EDUCACION SUPERIOR
499,DOCENCIA UNIVERSITARIA
500,DOCENCIA VIRTUAL
501,ECOLOGIA DEL DESARROLLO HUMANO
502,ECOLOGIA E HIDROCARBUROS
503,ECOLOGIA TROPICAL
504,ECONOMIA
505,ECONOMIA AGRICOLA
506,ECONOMIA APLICADA
507,ECONOMIA DE EMPRESA
508,ECONOMIA DE LA INDUSTRIA FORESTAL
509,ECONOMIA EMPRESARIAL
510,ECONOMIA INTERNACIONAL
511,ECONOMIA POLITICA
512,ECONOMIA POLITICA LATINOAMERICANA Y CARIBENA
513,ECONOMIA SOCIAL
514,ECONOMISTA
515,ECOSONOGRAFIA DIAGNOSTICA
516,ECOTURISMO
517,EDUCACION
518,EDUCACION EUS
519,EDUCACION ABIERTA Y A DISTANCIA
520,EDUCACION AGROPECUARIA
521,EDUCACION AMBIENTAL
522,EDUCACION AMBIENTE Y DESARROLLO
523,EDUCACION BASICA
524,EDUCACION BASICA INTEGRAL
525,EDUCACION CIENCIAS SOCIALES
526,EDUCACION COMERCIAL
527,EDUCACION DE ADULTOS
528,EDUCACION DE JOVENES Y ADULTOS
529,EDUCACION DE JOVENES ADULTAS Y ADULTOS
530,EDUCACION DE JOVENES ADULTOS Y ADULTAS
531,EDUCACION DOCENCIA EN IDIOMA INGLES
532,EDUCACION EN AGROECOLOGIA
533,EDUCACION EN CIENCIAS NATURALES
534,EDUCACION EN CIENCIAS SOCIALES
535,EDUCACION EN FRONTERA
536,EDUCACION EN GEOGRAFIA HISTORIA Y CIUDADANIA
537,EDUCACION EN GESTION DE RIESGO
538,EDUCACION EN LENGUA
539,EDUCACION EN LENGUA Y COMUNICACION
540,EDUCACION EN LENGUAS EXTRANJERAS
541,EDUCACION EN LENGUAS EXTRANJERAS INGLES
542,EDUCACION EN MATEMATICA
543,EDUCACION EN PATRIMONIO CULTURAL
544,EDUCACION ESPECIAL
545,EDUCACION ESPECIAL TECNICA
546,EDUCACION ESPECIAL DIFICULTADES DE APRENDIZAJE
547,EDUCACION ESPECIAL EN DEFICIENCIAS AUDITIVAS
548,EDUCACION ESPECIAL INTEGRAL
549,EDUCACION FISICA
550,EDUCACION FISICA DEPORTES Y RECREACION PARA PERSONAS CON NECESIDADES ESPECIALES
551,EDUCACION FISICA RECREACION Y ENTRENAMIENTO DEPORTIVO
552,EDUCACION FRONTERA
553,EDUCACION INDIGENA
554,EDUCACION INDUSTRIAL
555,EDUCACION INFANTIL
556,EDUCACION INFORMATICA
557,EDUCACION INICIAL
558,EDUCACION INTEGRAL
559,EDUCACION INTEGRAL TECNICA
560,EDUCACION INTEGRAL AC LENGUA
561,EDUCACION INTEGRAL AC CIENCIAS SOCIALES
562,EDUCACION INTEGRAL LENGUA
563,EDUCACION INTERCULTURAL BILINGUE
564,EDUCACION MATEMATICA
565,EDUCACION MATEMATICA EN LA TRANSMODERNIDAD
566,EDUCACION MATEMATICA PENSAMIENTO RELIGAJE Y CONSTRUCCION DE EMERGENTES FORMATIVOS EN LA TRANSMODERNIDAD
567,EDUCACION MEDIA
568,EDUCACION MEDIA EN BIOLOGIA
569,EDUCACION MEDIA EN EDUCACION FISICA
570,EDUCACION MEDIA EN GEOGRAFIA HISTORIA Y CIUDADANIA
571,EDUCACION MEDIA EN LENGUA
572,EDUCACION MEDIA TECNICA Y PROFESIONAL
573,EDUCACION PARA LA ARTES
574,EDUCACION PARA LA GESTION COMUNITARIA
575,EDUCACION PARA LA INTEGRACION DE LAS PERSONAS CON DISCAPACIDADES
576,EDUCACION PARA LAS ARTES
577,EDUCACION PREESCOLAR
578,EDUCACION PREESCOLAR TECNICA
579,EDUCACION PRIMARIA
580,EDUCACION ROBINSONIANA
581,EDUCACION RURAL
582,EDUCACION SUPERIOR
583,EDUCACION SUPERIOR UNIVERSITARIA
584,EDUCACION TECNICA
585,EDUCACION UNIVERSITARIA
586,EDUCACION Y CAMBIO SOCIAL
587,EDUCACION Y TECNOLOGIA DE LA INFORMACION Y COMUNICACION
588,EDUCACION Y TRABAJO
589,EDUCACION ELECTRICIDAD INDUSTRIAL
590,EDUCACION POLITICAS PUBLICAS Y PROFESION DOCENTE
591,EJERCICIO DE LA FUNCION FISCAL
592,ELECTRICIDAD
593,ELECTRICIDAD TECNICA
594,ELECTRICIDAD POTENCIA INDUSTRIAL
595,ELECTRICISTA
596,ELECTROMECANICA
597,ELECTROMEDICINA
598,ELECTROMEDICINA TECNICA
599,ELECTRONICA
600,ELECTRONICA INDUSTRIAL
601,ELECTRONICO
602,ELECTRONICO EN COMPUTACION
603,ELECTROTECNIA
604,EMERGENCIA PREHOSPITALARIA
605,EMERGENCIA PREHOSPITALARIA TECNICA
606,EMERGENCIAS PREHOSPITALARIAS
607,EMPLEO DEL PODER AEREO
608,EMPREDIMIENTO E INNOVACION EMPRESARIAL
609,EMPRESA DE ALOJAMIENTO TURISTICO
610,EMPRESAS TURISTICAS
611,EMPRESAS Y ALOJAMIENTO TURISTICO
612,EN ENSENANZA DE LA QUIMICA
613,ENDOCRINOLOGIA
614,ENDOCRINOLOGIA PEDIATRICA
615,ENDOCRINOLOGIA Y ENFERMEDADES METABOLICAS
616,ENDOCRINOLOGIA Y METABOLISMO
617,ENDODONCIA
618,ENERGIA ELECTRICA
619,ENFERMEDADES CARDIOVASCULARES
620,ENFERMERIA
621,ENFERMERIA TECNICA
622,ENFERMERIA AREA DE CONCENTRACION SALUD Y CUIDADO HUMANO
623,ENFERMERIA EN CUIDADO NEONATAL
624,ENFERMERIA EN CUIDADOS AL PACIENTE EN ESTADO CRITICO
625,ENFERMERIA EN CUIDADOS INTENSIVOS DEL ADULTO
626,ENFERMERIA EN CUIDADOS INTENSIVOS PEDIATRICOS
627,ENFERMERIA EN CUIDADOS ONCOLOGICOS
628,ENFERMERIA EN HEMOTERAPIA
629,ENFERMERIA EN MEDICINA CRITICA PEDIATRICA
630,ENFERMERIA EN MEDICINA CRITICA Y PEDIATRICA
631,ENFERMERIA EN NEFROLOGIA
632,ENFERMERIA EN SALUD MENTAL INTEGRAL
633,ENFERMERIA INTEGRAL COMUNITARIA
634,ENFERMERIA MATERNO INFANTIL
635,ENFERMERIA MILITAR
636,ENFERMERIA NEFROLOGICA
637,ENFERMERIA QUIRURGICA
638,ENSENANZA APRENDIZAJE DE LAS LENGUAS EXTRANJERAS
639,ENSENANZA APRENDIZAJE DE LAS CIENCIAS BASICAS
640,ENSENANZA DE IDIOMAS EXTRANJEROS
641,ENSENANZA DE LA BIOLOGIA
642,ENSENANZA DE LA HISTORIA
643,ENSENANZA DE LA LECTURA Y ESCRITURA
644,ENSENANZA DE LA LENGUA
645,ENSENANZA DE LA MATEMATICA
646,ENSENANZA DE LAS CIENCIAS NATURALES
647,ENSENANZA DEL INGLES COMO LENGUA EXTRANJERA
648,ENSENANZAAPRENDIZAJE DE LAS CIENCIAS BASICAS
649,ENTRENAMIENTO DEPORTIVO
650,ENTRENAMIENTO DEPORTIVO TECNICA
651,EPIDEMIOLOGIA
652,EPIDEMIOLOGIA DE LAS ENFERMEDADES METAXENICAS
653,EQUINOTERAPIA
654,EQUIPOS ROTATIVOS
655,EQUITACION MILITAR
656,ESPECIALIDAD DE GESTION HOTELERA Y TURISTICA
657,ESPECIALIDAD DE MECANICA
658,ESPECIALIDAD DE MECANICA AUTOMOTRIZ
659,ESPECIALIDAD DE MECANICA TERMICA
660,ESPECIALIDAD DE METALURGIA
661,ESPECIALIDAD DE TECNOLOGIA AGROPECUARIA
662,ESPECIALIDAD DIBUJO TECNICO
663,ESPECIALIDAD EDUCACION ESPECIAL PARA PERSONAS CON DISCAPACIDAD INTELECTUAL Y DEL DESARROLLO
664,ESPECIALIDAD ELECTRICIDAD
665,ESPECIALIDAD INFORMATICA
666,ESPECIALIDAD PLANIFICACION Y EVALUACION
667,ESPECIALIDADEDUCACION ESPECIAL PARA PERSONAS CON DISCAPACIDAD INTELECTUAL Y DEL DESARROLLO
668,ESPECIALISTA
669,ESPECIALISTA CONTROL Y GESTION AMBIENTAL
670,ESPECIALISTA SANIDAD MILITAR BRUMELIS MONTENEGRO
671,ESPECIALISTA SEXOLOGIA MEDICA
672,ESPECIALIZACION EN ANTIEXTORSION Y SECUESTRO
673,ESPECIALIZACION EN OPERACIONES CONTRA EL TRAFICO DE SUSTANCIAS PSICOTROPICAS Y ESTUPEFACIENTES
674,ESPECIALIZACION EN POLICIA AMBIENTAL
675,ESTADISTICA
676,ESTADISTICA DE LA SALUD
677,ESTADISTICA DE SALUD
678,ESTADISTICAS DE SALUD
679,ESTOMATOLOGIA INTEGRAL DEL NINO Y DEL ADOLESCENTE
680,ESTRATEGIA NAVAL
681,ESTRATEGIAS PARA LA EDUCACION A DISTANCIA
682,ESTUDIO DE CONFLICTO PARA LA SEGURIDAD DE LA NACION
683,ESTUDIO Y EVALUACION DEL IMPACTO AMBIENTAL
684,ESTUDIOS AMBIENTALES
685,ESTUDIOS CONSTITUCIONALES Y COMPARADOS
686,ESTUDIOS DE CONFLICTO PARA LA SEGURIDAD DE LA NACION
687,ESTUDIOS DE LA MUJER
688,ESTUDIOS DE LA ORGANIZACION
689,ESTUDIOS DEL DESARROLLO
690,ESTUDIOS DEL DISCURSO
691,ESTUDIOS INTERNACIONALES
692,ESTUDIOS JURIDICOS
693,ESTUDIOS LIBERALES
694,ESTUDIOS LIBRES
695,ESTUDIOS LITERARIOS
696,ESTUDIOS MILITARES PARA EL COMANDO DE TROPA
697,ESTUDIOS POLITICOS
698,ESTUDIOS POLITICOS Y ADMINISTRATIVOS
699,ESTUDIOS POLITICOS Y DE GOBIERNO
700,ESTUDIOS POLITICOS Y GOBIERNO
701,ESTUDIOS SOCIALES
702,ESTUDIOS SOCIALES DE LA CIENCIA
703,ESTUDIOS SOCIALES Y CULTURALES DE LOS ANDES
704,ETNOLOGIA
705,EVALUACION AMBIENTAL
706,EVALUACION DE LA EDUCACION
707,EVALUACION DE MATERIALES E INSPECCION DE EQUIPOS
708,EVALUACION EDUCACIONAL
709,EVALUACION EDUCATIVA
710,EVALUACION Y CONTROL DE CALIDAD EN LA INDUSTRIA ALIMENTARIA
711,EVOLUCION EDUCATIVA
712,EXTRACCION DE CRUDOS PESADOS
713,FARMACEUTICA
714,FARMACEUTICO
715,FARMACIA
716,FARMACIA HOSPITALARIA
717,FARMACOLOGIA
718,FILOSOFIA
719,FILOSOFIA DE LA GUERRA
720,FILOSOFIA E INVESTIGACION
721,FILOSOFIA Y TRANSDISCIPLINARIEDAD
722,FINANZAS
723,FINANZAS DE EMPRESAS
724,FINANZAS INTERNACIONALES
725,FINANZAS PUBLICAS
726,FISICA
727,FISICA DE LA MATERIA CONDENSADA
728,FISICA FUNDAMENTAL
729,FISIOTERAPIA
730,FITOPALOGIA
731,FONIATRIA
732,FONOAUDIOLOGIA
733,FORMACION E INVESTIGACION CIENTIFICA SOCIO TECNOLOGICA
734,FRONTERAS E INTEGRACION
735,GAS
736,GASTROENTEROLOGIA
737,GEOCIENCIA
738,GEOCIENCIAS
739,GEOGRAFIA
740,GEOGRAFIA E HISTORIAS
741,GEOGRAFIA HISTORIA Y CIUDADANIA PARA EDUCACION MEDIA
742,GEOGRAFO
743,GEOLOGA
744,GEOLOGIA
745,GEOLOGIA TECNICA
746,GEOLOGIA PETROLERA
747,GEOLOGIA Y MINAS
748,GEOLOGO
749,GEOMATICA
750,GEOPOLITICA DE LOS ESPACIOS ACUATICOS
751,GEOQUIMICA
752,GERENCIA
753,GERENCIA ADMINISTRATIVA
754,GERENCIA ADUANERA Y TRIBUTARIA
755,GERENCIA AGROINDUSTRIAL
756,GERENCIA AMBIENTAL
757,GERENCIA AVANZADA
758,GERENCIA AVANZADA EN EDUCACION
759,GERENCIA CULTURAL
760,GERENCIA DE ADUANAS
761,GERENCIA DE AUDITORIA DE ESTADO
762,GERENCIA DE CALIDAD Y PRODUCTIVIDAD
763,GERENCIA DE CONDOMINIOS
764,GERENCIA DE CONSTRUCCION
765,GERENCIA DE CONTROL DE CALIDAD INSPECCION DE OBRAS
766,GERENCIA DE EMPRESAS
767,GERENCIA DE EMPRESAS AGRICOLAS
768,GERENCIA DE EMPRESAS AGROPECUARIAS
769,GERENCIA DE INSTITUCIONES EDUCATIVAS
770,GERENCIA DE LA CIENCIA Y LA TECNOLOGIA
771,GERENCIA DE LA COMUNICACION ORGANIZACIONAL
772,GERENCIA DE LA CONSTRUCCION
773,GERENCIA DE LA CONSTRUCCION DE EDIFICACIONES
774,GERENCIA DE LA EDUCACION
775,GERENCIA DE LA EDUCACION FISICA DEPORTE Y RECREACION
776,GERENCIA DE LA EDUCACION INTEGRAL
777,GERENCIA DE LA EMPRESA
778,GERENCIA DE LA INNOVACION
779,GERENCIA DE LA INNOVACION TECNOLOGICA
780,GERENCIA DE LA SALUD PUBLICA
781,GERENCIA DE LA TECNOLOGIA Y LA INNOVACION
782,GERENCIA DE LAS FINANZAS Y DE LOS NEGOCIOS
783,GERENCIA DE LAS ORGANIZACIONES
784,GERENCIA DE LAS TECNOLOGIAS DE INFORMACION Y COMUNICACIONES
785,GERENCIA DE LOS PROCESOS EDUCATIVOS
786,GERENCIA DE LOS SERVICIOS DE SALUD Y ENFERMERIA
787,GERENCIA DE MANTENIMIENTO
788,GERENCIA DE MANTENIMIENTO MECANICO
789,GERENCIA DE MEDIOS
790,GERENCIA DE MERCADEO
791,GERENCIA DE OFICINAS
792,GERENCIA DE OPERACIONES
793,GERENCIA DE PARADAS DE PLANTA
794,GERENCIA DE PROCESOS HOSPITALARIOS
795,GERENCIA DE PROGRAMAS SOCIALES
796,GERENCIA DE PROYECTOS
797,GERENCIA DE PROYECTOS DE CONSTRUCCION
798,GERENCIA DE PROYECTOS DE INGENIERIA
799,GERENCIA DE PROYECTOS DE INVESTIGACION Y DESARROLLO
800,GERENCIA DE PROYECTOS FERROVIARIOS
801,GERENCIA DE PROYECTOS INDUSTRIALES
802,GERENCIA DE RECURSOS HUMANOS
803,GERENCIA DE RECURSOS HUMANOS Y RELACIONES INDUSTRIALES
804,GERENCIA DE REDES DE UNIDADES DE SERVICIOS DE INFORMACION
805,GERENCIA DE SALUD PUBLICA
806,GERENCIA DE SEGURIDAD PUBLICA
807,GERENCIA DE SERVICIOS
808,GERENCIA DE SERVICIOS ASISTENCIALES EN SALUD
809,GERENCIA DE SERVICIOS AUTOMOTRICES
810,GERENCIA DE SISTEMAS
811,GERENCIA DE SISTEMAS DE CALIDAD Y CONTROL ESTADISTICO DE PROCESOS
812,GERENCIA DE TECNOLOGIAS DE INFORMACION
813,GERENCIA DE TELECOMUNICACIONES
814,GERENCIA DE TURISMO SOSTENIBLE
815,GERENCIA DEL DEPORTE
816,GERENCIA DEL DESARROLLO SUSTENTABLE
817,GERENCIA DEL NEGOCIO DEL GAS NATURAL
818,GERENCIA DEL SECTOR PUBLICO
819,GERENCIA DEL TALENTO HUMANO
820,GERENCIA DEPORTIVA
821,GERENCIA E INNOVACION EDUCATIVA
822,GERENCIA EDUCACIONAL
823,GERENCIA EDUCATIVA
824,GERENCIA EMPRESARIAL
825,GERENCIA EN PROTECCION INDUSTRIAL
826,GERENCIA EN SALUD
827,GERENCIA EN SISTEMAS DE LA CALIDAD
828,GERENCIA EN TALENTO HUMANO
829,GERENCIA ESTRATEGICA
830,GERENCIA ESTRATEGICA DE NEGOCIOS PARA LA INDUSTRIA FARMOQUIMICA ALIMENTARIA Y COSMETICA
831,GERENCIA EVALUATIVA TECNOLOGICA EMPRESARIAL Y EDUCATIVA
832,GERENCIA FINANCIERA
833,GERENCIA FISCAL
834,GERENCIA GENERAL
835,GERENCIA HOSPITALARIA
836,GERENCIA HOTELERA
837,GERENCIA INDUSTRIAL
838,GERENCIA INTEGRADA DE YACIMIENTOS DE HIDROCARBUROS
839,GERENCIA INTEGRAL DE CONTROL FISCAL Y AUDITORIA
840,GERENCIA LOGISTICA
841,GERENCIA OPCION MERCADEO
842,GERENCIA POSTCONVENCIONAL
843,GERENCIA PUBLICA
844,GERENCIA PUBLICA CON ENFASIS EN AUDITORIA DE ESTADO
845,GERENCIA PUBLICA PENITENCIARIA
846,GERENCIA SOCIAL
847,GERENCIA TRIBUTARIA
848,GERENCIA TRIBUTARIA DE LA EMPRESA
849,GERENCIA TRIBUTARIA INTEGRAL
850,GERENCIA Y ADMINISTRACION DE POLICIA
851,GERENCIA Y FINANZAS DE LA EMPRESA
852,GERENCIA Y LIDERAZGO EDUCATIVO
853,GERENCIA Y LIDERAZGO EN EDUCACION
854,GERENCIA Y PLANIFICACION INSTITUCIONAL
855,GERENCIA Y TECNOLOGIA DE LA INFORMACION
856,GERENCIA Y TECNOLOGIA EDUCATIVAS
857,GERENCIA OPCION CALIDAD Y PRODUCTIVIDAD
858,GERENCIA OPCION FINANZAS
859,GERENCIA OPCION GESTION DE LA INFORMACION
860,GERENCIA OPCION LOGISTICA
861,GERENCIA OPCION RECURSOS HUMANOS
862,GERENCIAS DE EMPRESAS
863,GERIATRIA Y GERONTOLOGIA
864,GERMENEUTICA Y LA INVESTIGACION CIENTIFICA
865,GERONTOLOGIA
866,GESTION ADUANERA Y TRIBUTARIA
867,GESTION AERONAUTICA
868,GESTION AEROPORTUARIA
869,GESTION AMBIENTAL
870,GESTION DE ADUANA Y COMERCIO EXTERIOR
871,GESTION DE ALOJAMIENTO TURISTICO
872,GESTION DE COSTOS
873,GESTION DE DATOS EN EXPLORACION Y PRODUCCION DE HIDROCARBUROS
874,GESTION DE LA GASTRONOMIA
875,GESTION DE LA HOSPITALIDAD
876,GESTION DE LA PROPIEDAD INTELECTUAL
877,GESTION DE MANTENIMIENTO ELECTRICO
878,GESTION DE PRESUPUESTO PUBLICO
879,GESTION DE RECURSOS HUMANOS
880,GESTION DE RECURSOS NATURALES RENOVABLES Y MEDIO AMBIENTE
881,GESTION DE RIESGOS SOCIONATURALES
882,GESTION DE SALUD PUBLICA
883,GESTION DE TALENTO HUMANO EN LAS ORGANIZACIONES
884,GESTION DE TRIBUTOS MUNICIPALES
885,GESTION DE TRIBUTOS NACIONALES
886,GESTION DEL DESARROLLO SOCIAL
887,GESTION DEL TALENTO HUMANO
888,GESTION EDUCATIVA
889,GESTION EN SALUD PUBLICA
890,GESTION FISCAL Y TRIBUTARIA
891,GESTION HOTELERA
892,GESTION HOTELERA Y TURISTICA
893,GESTION INSTITUCIONAL
894,GESTION INTEGRAL DE CENTROS ASISTENCIALES
895,GESTION JUDICIAL
896,GESTION PARA EL ECOLOGIA DEL DESARROLLO HUMANO
897,GESTION PARA LA CREACION INTELECTUAL
898,GESTION PARA LA ECOLOGIA DEL DESARROLLO HUMANO
899,GESTION PUBLICA
900,GESTION SOCIAL
901,GESTION SOCIAL DEL DESARROLLO LOCAL
902,GESTION SOCIAL PARA EL DESARROLLO LOCAL
903,GESTION SOCIOCULTURAL
904,GESTION TECNOLOGICA DEL DEPORTE
905,GESTION TRIBUTARIA
906,GESTION TRIBUTARIA INTEGRAL
907,GESTION Y CONTROL DE LAS FINANZAS PUBLICAS
908,GESTION Y PLANIFICACION DEPORTIVA
909,GESTION Y POLITICAS CULTURALES
910,GINECOLOGIA INFANTIL Y JUVENIL
911,GINECOLOGIA ONCOLOGICA
912,GINECOLOGIA Y OBSTETRICIA
913,GOBERNABILIDAD Y DESARROLLO INSTITUCIONAL
914,GOBIERNO ELECTRONICO
915,GOBIERNO Y POLITICA PUBLICA
916,GUARDIA NACIONAL
917,GUARDIA NACIONAL SEGURIDAD
918,GUERRA ELECTRONICA
919,HACENDISTA
920,HEMATOLOGIA
921,HEMATOLOGIA PEDIATRICA
922,HEMODINAMIA Y CARDIOLOGIA INTERVENCIONISTA
923,HERMENEUTICA Y LA INTERPRETACION CIENTIFICA
924,HERMENEUTICA Y LA INVESTIGACION CIENTIFICA
925,HIDROCARBUROS
926,HIDROGRAFIA
927,HIGIENE MENTAL DEL DESARROLLO INFANTIL Y JUVENIL
928,HIGIENE OCUPACIONAL
929,HIGIENE Y SEGURIDAD INDUSTRIAL
930,HIGIENE Y SEGURIDAD LABORAL
931,HIPERTENSION ARTERIAL CLINICA
932,HISTOCITOTECNOLOGIA
933,HISTORIA
934,HISTORIA DE AMERICA CONTEMPORANEA
935,HISTORIA DE LAS AMERICAS
936,HISTORIA DE LAS ARTES PLASTICAS Y MUSEOLOGIA
937,HISTORIA DE VENEZUELA
938,HISTORIA ECONOMICA Y SOCIAL DE VENEZUELA
939,HISTORIA MILITAR
940,HISTOTECNOLOGIA
941,HISTOTECNOLOGIA TECNICA
942,HORTICULTURA
943,HOSPITAL DR GENERAL PABLO ORTIZ
944,HOTELERIA
945,HOTELERIA TECNICA
946,HOTELERIA Y SERVICIOS DE LA HOSPITALIDAD
947,HUMANIDADES
948,IDIOMAS
949,IDIOMAS MODERNOS
950,IDIOMAS MODERNOS TECNICA
951,IMAGENOLOGIA
952,IMAGENOLOGIA TECNICA
953,IMAGENOLOGIA INTEGRAL
954,INDUSTRIA DE LOS ALIMENTOS
955,INDUSTRIAL
956,INFANTERIA
957,INFANTERIA DE MARINA
958,INFECTOLOGIA
959,INFECTOLOGIA PEDIATRICA
960,INFORMACION DE LA SALUD
961,INFORMACION DE SALUD
962,INFORMACION Y DOCUMENTACION
963,INFORMATICA
964,INFORMATICA TECNICA
965,INFORMATICA APLICADA
966,INFORMATICA EDUCATIVA
967,INFORMATICA GERENCIAL
968,INFORMATICA PARA LA GESTION SOCIAL
969,INFORMATICA Y TECNOLOGIA EDUCATIVA
970,INFORMATICO
971,INGENIERIA
972,INGENIERIA AERONAUTICA
973,INGENIERIA AGRICOLA
974,INGENIERIA AGROINDUSTRIAL
975,INGENIERIA AGRONOMA
976,INGENIERIA AGRONOMA DE PRODUCCION AREA PRODUCCION ANIMAL
977,INGENIERIA AGRONOMICA
978,INGENIERIA AGRONOMICA DE PRODUCCION ANIMAL
979,INGENIERIA AGRONOMICA DE PRODUCCION VEGETAL
980,INGENIERIA AGRONOMO
981,INGENIERIA AGRONOMO DE PRODUCCION AREA PRODUCCION VEGETAL
982,INGENIERIA AMBIENTAL
983,INGENIERIA AUDIOVISUAL
984,INGENIERIA BIOMEDICA
985,INGENIERIA CIVIL
986,INGENIERIA CLINICA
987,INGENIERIA DE ADMINISTRACION DE OBRAS
988,INGENIERIA DE ALIMENTOS
989,INGENIERIA DE COMPUTACION
990,INGENIERIA DE CONTROL DE PROCESOS
991,INGENIERIA DE CONTROL Y AUTOMATIZACION DE PROCESOS
992,INGENIERIA DE GAS
993,INGENIERIA DE MANTENIMIENTO
994,INGENIERIA DE MANTENIMIENTO MECANICO
995,INGENIERIA DE MATERIALES
996,INGENIERIA DE MINAS
997,INGENIERIA DE PETROLEO
998,INGENIERIA DE PETROLEO Y GAS
999,INGENIERIA DE PROCESOS
1000,INGENIERIA DE PROCESOS DEL GAS NATURAL
1001,INGENIERIA DE PROCESOS INDUSTRIALES
1002,INGENIERIA DE PRODUCCION
1003,INGENIERIA DE PRODUCCION AGROPECUARIA
1004,INGENIERIA DE PRODUCCION ANIMAL
1005,INGENIERIA DE PRODUCCION EN AGROECOSISTEMAS
1006,INGENIERIA DE PRODUCCION INDUSTRIAL
1007,INGENIERIA DE RECURSOS NATURALES RENOVABLES
1008,INGENIERIA DE REDES Y COMUNICACIONES
1009,INGENIERIA DE SISTEMAS
1010,INGENIERIA DE TELECOMUNICACIONES
1011,INGENIERIA DEL AGUA
1012,INGENIERIA DEL AMBIENTE
1013,INGENIERIA DEL AMBIENTE Y DE LOS RECURSOS NATURALES
1014,INGENIERIA DEL AMBIENTE Y DE LOS RECURSOS NATURALES RENOVABLES
1015,INGENIERIA DEL AZUCAR
1016,INGENIERIA ELECTRICA
1017,INGENIERIA ELECTRICA OPCION SISTEMAS DIGITALES
1018,INGENIERIA ELECTRICISTA
1019,INGENIERIA ELECTRONICA
1020,INGENIERIA ELECTRONICA DE COMPUTACION
1021,INGENIERIA ELECTRONICA EN COMPUTACION
1022,INGENIERIA EN AERONAUTICA CIVIL
1023,INGENIERIA EN AGROALIMENTACION
1024,INGENIERIA EN AGROECOLOGIA
1025,INGENIERIA EN COMPUTACION
1026,INGENIERIA EN COMUNICACIONES Y ELECTRONICA
1027,INGENIERIA EN CONSTRUCCION CIVIL
1028,INGENIERIA EN CONSTRUCCIONES CIVILES
1029,INGENIERIA EN DESARROLLO ENDOGENO
1030,INGENIERIA EN DESARROLLO ENDOGENO SUBAREA INFORMATICA Y REDES
1031,INGENIERIA EN DISENO INDUSTRIAL
1032,INGENIERIA EN ELECTRICIDAD
1033,INGENIERIA EN EQUIPOS FERROVIARIOS
1034,INGENIERIA EN GEOCIENCIAS
1035,INGENIERIA EN GESTION DE MANTENIMIENTO ELECTRICO
1036,INGENIERIA EN HIDROCARBUROS
1037,INGENIERIA EN HIGIENE Y SEGURIDAD LABORAL
1038,INGENIERIA EN INDUSTRIA FORESTAL
1039,INGENIERIA EN INFORMACION
1040,INGENIERIA EN INFORMATICA
1041,INGENIERIA EN INSTRUMENTACION Y CONTROL
1042,INGENIERIA EN MANTENIMIENTO
1043,INGENIERIA EN MANTENIMIENTO DE OBRAS
1044,INGENIERIA EN MANTENIMIENTO ELECTRICO
1045,INGENIERIA EN MANTENIMIENTO MECANICO
1046,INGENIERIA EN MATERIALES INDUSTRIALES
1047,INGENIERIA EN MOLINERIA
1048,INGENIERIA EN PROCESAMIENTO Y DISTRIBUCION DE ALIMENTOS
1049,INGENIERIA EN PROCESOS INDUSTRIALES
1050,INGENIERIA EN PROCESOS QUIMICOS
1051,INGENIERIA EN PRODUCCION AGROINDUSTRIAL
1052,INGENIERIA EN PRODUCCION ANIMAL
1053,INGENIERIA EN PRODUCCION INDUSTRIAL
1054,INGENIERIA EN REDES ELECTRICAS
1055,INGENIERIA EN REFINACION Y PETROQUIMICA
1056,INGENIERIA EN SISTEMAS DE CALIDAD Y AMBIENTE
1057,INGENIERIA EN SISTEMAS DE POTENCIA
1058,INGENIERIA EN SISTEMAS E INFORMATICA
1059,INGENIERIA EN TELECOMUNICACIONES
1060,INGENIERIA EN TRANSPORTE FERROVIARIO
1061,INGENIERIA ESTRUCTURAL
1062,INGENIERIA FORESTAL
1063,INGENIERIA GEODESICA
1064,INGENIERIA GEODESTA
1065,INGENIERIA GEOFISICA
1066,INGENIERIA GEOLOGICA
1067,INGENIERIA GERENCIAL
1068,INGENIERIA HIDROMETEOROLOGICA
1069,INGENIERIA INDUSTRIAL
1070,INGENIERIA INDUSTRIAL Y PRODUCTIVIDAD
1071,INGENIERIA INFORMATICA
1072,INGENIERIA MARITIMA
1073,INGENIERIA MARITIMO
1074,INGENIERIA MECANICA
1075,INGENIERIA MECANICA DE PLANTAS DE PROCESOS
1076,INGENIERIA MECATRONICA
1077,INGENIERIA METALURGICA
1078,INGENIERIA MILITAR
1079,INGENIERIA MILITAR EN CONSTRUCCION Y MANTENIMIENTO DE INSTALACIONES
1080,INGENIERIA MILITAR FERROVIARIA
1081,INGENIERIA NAVAL
1082,INGENIERIA PESQUERA
1083,INGENIERIA PETROQUIMICA
1084,INGENIERIA QUIMICA
1085,INGENIERIA RURAL
1086,INGENIERIA SANITARIA
1087,INGENIERIA SISMORRESISTENTE
1088,INGENIERIA TELEMATICA
1089,INGENIERIA VIAL
1090,INGENIERIA MANUFACTURA Y CONSTRUCCION
1091,INGENIERO DE LA PRODUCCION EN AGROECOSISTEMAS
1092,INGLES
1093,INGLES PARA EDUCACION MEDIA
1094,INMUNOLOGIA
1095,INMUNOLOGIA CLINICA
1096,INNOVACION CURRICULAR
1097,INNOVACIONES EDUCATIVAS
1098,INSPECCION DE SALUD PUBLICA
1099,INSPECCION DE SALUD PUBLICA TECNICA
1100,INSPECCIONES MARITIMAS
1101,INSTALACIONES ELECTRICAS
1102,INSTITUCIONES FINANCIERAS
1103,INSTITUTO DE ALTOS ESTUDIOS DR ARNOLDO GABALDON
1104,INSTITUTO DE ALTOS ESTUDIOS DIPLOMATICOS PEDRO GUAL
1105,INSTITUTO MILITAR UNIVERSITARIO DE TECNOLOGIA DE LA GUARDIA NACIONAL BOLIVARIANA CNEL F BASTIDAS TORRES
1106,INSTITUTO UNIVERSITARIO DE TECNOLOGIA ALONSO CAMERO
1107,INSTRUMENTACION
1108,INSTRUMENTACION BIOMEDICA
1109,INSTRUMENTACION INDUSTRIAL
1110,INSTRUMENTACION Y AUTOMATIZACION
1111,INSTRUMENTACION Y CONTROL
1112,INTEGRACION REGIONAL PERSPECTIVAS COMPARADAS AMERICA LATINA Y EUROPA
1113,INTELIGENCIA MILITAR
1114,INTERPRETE PUBLICO EN IDIOMA INGLES
1115,INTERPRETE PUBLICO EN IDIOMA ITALIANO
1116,INTERPRETE PUBLICO EN LENGUA DE SENAS VENEZOLANA
1117,INTERPRETES PUBLICOS
1118,INVESTIGACION CRIMINAL
1119,INVESTIGACION DE OPERACIONES
1120,INVESTIGACION EDUCATIVA
1121,INVESTIGACION PARTICIPATIVA PARA EL DESARROLLO LOCAL
1122,INVESTIGACION PENAL
1123,JOYERIA
1124,JUSTICIA PENAL
1125,LATINOAMERICANO EN EDUCACION POLITICAS PUBLICAS Y PROFESION DOCENTE
1126,LCENCIADO EN EDUCACION
1127,LECTURA Y ESCRITURA
1128,LEGISLACION DEPORTIVA
1129,LENGUA EXTRANJERA INGLES PARA EDUCACION PRIMARIA
1130,LENGUA EXTRANJERAS INGLES PARA EDUCACION PRIMARIA
1131,LENGUA Y COMUNICACION
1132,LENGUAS EXTRANJERAS INGLES PARA EDUCACION PRIMARIA
1133,LETRAS
1134,LETRAS HISPANICAS
1135,LICENCIADOA EN ADMINISTRACION
1136,LICENCIADOA EN SERVICIO DE POLICIA
1137,LINGUISTICA
1138,LITERATURA COMPARADA
1139,LITERATURA HISPANOAMERICANA
1140,LITERATURA IBEROAMERICANA
1141,LITERATURA LATINOAMERICANA
1142,LITERATURA LATINOAMERICANA Y DEL CARIBE
1143,LOGISTICA
1144,LOGISTICA AEROESPACIAL
1145,LOGISTICA INDUSTRIAL
1146,LOGISTICA MILITAR
1147,MAESTRO
1148,MAESTRO DE NINOS SORDOS Y DE NINOS CON TRASTORNOS DEL LENGUAJE
1149,MAGISTER ARTIUM
1150,MAGISTER EN ENSENANZAAPRENDIZAJE DE LAS CIENCIAS BASICAS
1151,MAGISTER EN GERENCIA DE EMPRESAS
1152,MAGISTER EN GESTION PARA LA CREACION INTELECTUAL
1153,MAGISTER SCIENTIAE EN DESARROLLO URBANO LOCAL
1154,MAGISTER SCIENTIARUM
1155,MAGISTER SCIENTIARUM EN BANCA Y FINANZAS
1156,MANEJO DE CUENCAS
1157,MANEJO DE EMERGENCIAS Y ACCION CONTRA DESASTRES
1158,MANEJO INTEGRADO DE VECTORES Y RESERVORIOS EN SALUD
1159,MANTENIENDO INDUSTRIAL
1160,MANTENIMIENTO
1161,MANTENIMIENTO AERONAUTICO
1162,MANTENIMIENTO DE EDIFICACIONES TECNICA
1163,MANTENIMIENTO DE EQUIPOS ELECTRICOS
1164,MANTENIMIENTO DE EQUIPOS ELECTRICOS Y MECANICOS
1165,MANTENIMIENTO DE EQUIPOS ELECTROMECANICOS
1166,MANTENIMIENTO DE EQUIPOS MECANICOS
1167,MANTENIMIENTO DE ESTRUCTURAS AERONAUTICAS
1168,MANTENIMIENTO DE INSTALACIONES
1169,MANTENIMIENTO DE MAQUINA AGRICOLA Y PESADA
1170,MANTENIMIENTO DE MAQUINARIA AGRICOLA Y PESADA
1171,MANTENIMIENTO DE REFINERIAS DE PETROLEO
1172,MANTENIMIENTO DE SISTEMAS INFORMATICOS
1173,MANTENIMIENTO ELECTRICO
1174,MANTENIMIENTO ELECTROMECANICO
1175,MANTENIMIENTO FERROVIARIO
1176,MANTENIMIENTO INDUSTRIAL
1177,MANTENIMIENTO MECANICO
1178,MARITIMO
1179,MARKETING DIGITAL Y REDES SOCIALES CON INTELIGENCIA ARTIFICIAL
1180,MATEMATICA
1181,MATEMATICAS
1182,MATEMATICAS INDUSTRIALES
1183,MATEMATICAS PARA LA EDUCACION MEDIA
1184,MATERIALES EDUCATIVOS IMPRESOS
1185,MATERIALES INDUSTRIALES
1186,MATERIALES INSDUSTRIALES
1187,MECANICA
1188,MECANICA TECNICA
1189,MECANICA AERONAUTICA
1190,MECANICA AUTOMOTRIZ
1191,MECANICA DENTAL
1192,MECANICA DENTAL TECNICA
1193,MECANICA INDUSTRIAL
1194,MECANICA TEORICA Y APLICADA
1195,MECANICA TERMICA
1196,MECANICO
1197,MECATRONICA
1198,MEDICA CIRUJANA
1199,MEDICA DE EMERGENCIA
1200,MEDICA INTEGRAL COMUNITARIA
1201,MEDICA VETERINARIA
1202,MEDICINA
1203,MEDICINA CRITICA
1204,MEDICINA CRITICA DE ADULTOS
1205,MEDICINA CRITICA DEL ADULTO
1206,MEDICINA CRITICA PEDIATRICA
1207,MEDICINA DE EMERGENCIA
1208,MEDICINA DE EMERGENCIA Y DESASTRE
1209,MEDICINA DEL QUEMADO
1210,MEDICINA DEL TRABAJO
1211,MEDICINA ESTOMATOLOGICA
1212,MEDICINA FAMILIAR
1213,MEDICINA FISICA Y REHABILITACION
1214,MEDICINA FORENSE
1215,MEDICINA GENERAL INTEGRAL
1216,MEDICINA INTEGRAL COMUNITARIA
1217,MEDICINA INTERNA
1218,MEDICINA LEGAL
1219,MEDICINA MATERNO FETAL
1220,MEDICINA OCUPACIONAL
1221,MEDICINA ONCOLOGICA
1222,MEDICINA VETERINARIA
1223,MEDICINA VETERINARIA PREVENTIVA
1224,MEDICINA Y CIRUGIA DE PEQUENOS ANIMALES
1225,MEDICO A INTEGRAL COMUNITARIA
1226,MEDICO CIRUJANO
1227,MEDICO CIRUJANO MILITAR
1228,MEDICO EN MEDICINA VETERINARIA
1229,MEDICO ESPECIALISTA EN CARDIOLOGIA CLINICA
1230,MEDICO INTEGRAL COMUNITARIO
1231,MEDICO VETERINARIO
1232,MEDICOA CIRUJANOA
1233,MEDICOA VETERINARIO
1234,MEDIOS ALTERNATIVOS DE RESOLUCION DE CONFLICTOS
1235,MEDIOS AUDIOVISUALES
1236,MENCION ECOLOGIA
1237,MENCION EDUCACION PARA EL TRABAJO SUBAREA COMERCIAL
1238,MENCION EDUCACION PARA EL TRABAJO Y DESARROLLO ENDOGENO
1239,MENCION FISICA MEDICA
1240,MENCION GEOQUIMICA
1241,MENCION INMUNOLOGIA
1242,MENCION MATEMATICA
1243,MENCION MODELOS ALEATORIOS
1244,MENCION QUIMICA
1245,MENCION TRANSPORTE
1246,MENCION ADMINISTRACION DE PERSONAL
1247,MENCION EDUCACION RELIGIOSA
1248,MENCION INVESTIGACION PENAL
1249,MENCION PUBLICIDAD Y MERCADEO
1250,MENCION TERAPIA DE LA CONDUCTA INFANTIL
1251,MERCADEO
1252,MERCADEO TECNICA
1253,MERCADEO PARA EMPRESAS
1254,MERCADOTECNIA
1255,MERCADOTECNICA
1256,MESOLOGIA PEDAGOGICA
1257,METABOLISMO HUMANO
1258,METALMECANICA
1259,METALURGIA
1260,METALURGIA TECNICA
1261,METALURGIA Y CIENCIAS DE LOS MATERIALES
1262,METALURGIA Y SIDERURGIA
1263,METEOROLOGIA
1264,METODOLOGIA DE LA INVESTIGACION
1265,METODOLOGIA DEL ENTRENAMIENTO DEPORTIVO
1266,METODOS DE INVESTIGACION EN EDUCACION
1267,MICOLOGIA MEDICA
1268,MICROBIOLOGIA
1269,MINERIA
1270,MODELOS ALEATORIOS
1271,MONEDA E INSTITUCIONES FINANCIERAS
1272,MUSEOLOGIA
1273,MUSICA
1274,MUSICOLOGIA LATINOAMERICANA
1275,NATUROPATA
1276,NEFROLOGIA
1277,NEFROLOGIA DE ADULTOS
1278,NEFROLOGIA PEDIATRICA
1279,NEGOCIACIONES ECONOMICAS INTERNACIONALES
1280,NEGOCIOS INTERNACIONALES
1281,NEONATOLOGIA
1282,NEONATOLOGIA INTEGRAL
1283,NEUMOLOGIA
1284,NEUMONOLOGIA
1285,NEUMONOLOGIA CLINICA
1286,NEUMONOLOGIA PEDIATRICA
1287,NEUMONOLOGIA Y TISIOLOGIA
1288,NEUROCIRUGIA
1289,NEUROCIRUGIA PEDIATRICA
1290,NEUROCRIMINOLOGIA
1291,NEUROLOGIA
1292,NEUROLOGIA PEDIATRICA
1293,NEUROPEDIATRIA
1294,NUTRICION
1295,NUTRICION CLINICA
1296,NUTRICION COMUNITARIA
1297,NUTRICION Y DIETETICA
1298,OBRAS CIVILES
1299,OBSTETRICIA Y GINECOLOGIA
1300,ODONTOLOGA
1301,ODONTOLOGIA
1302,ODONTOLOGIA GENERAL INTEGRAL
1303,ODONTOLOGIA OPERATORIA Y ESTETICA
1304,ODONTOLOGO
1305,ODONTOPEDIATRIA
1306,OFTALMOLOGIA
1307,ONCOHEMATOLOGIA INTEGRAL
1308,ONCOLOGIA MEDICA
1309,ONCOLOGIA PEDIATRICA
1310,OPERACIONES CONTRA EL TRAFICO ILICITO DE SUSTANCIAS ESTUPEFACIENTES Y PSICOTROPICAS
1311,OPERACIONES DE CONTRAINTELIGENCIA MILITAR
1312,OPERACIONES DE INFORMACION
1313,OPINION PUBLICA Y COMUNICACION POLITICA
1314,OPTOMETRIA
1315,ORDEN PUBLICO Y CIUDADANIA
1316,ORDENACION DEL TERRITORIO Y AMBIENTE
1317,ORFEBRERIA Y JOYERIA
1318,ORGANIZACION DE EMPRESAS
1319,ORGANIZACION EMPRESARIAL
1320,ORGANIZACION EMPRESARIAL TECNICA
1321,ORIENTACION
1322,ORIENTACION EDUCATIVA
1323,ORIENTACION FAMILIAR
1324,ORIENTACION PROFESIONAL
1325,ORIENTACION PSICOLOGICA EDUCATIVA
1326,ORTESIS Y PROTESIS
1327,ORTODONCIA
1328,ORTOPEDIA DENTOFACIAL Y ORTODONCIA
1329,ORTOPEDIA MAXILAR
1330,ORTOPEDIA Y TRAUMATOLOGIA
1331,ORTOPEDIA Y TRAUMATOLOGIA INTEGRAL
1332,OTORRINOLARINGOLOGIA
1333,PARTICIPACION EN POLITICAS PUBLICAS Y GESTION MUNICIPAL
1334,PATOLOGIA FORENSE
1335,PATRIMONIO CULTURAL
1336,PEDAGOGIA
1337,PEDAGOGIA ALTERNATIVA
1338,PEDAGOGIA ALTERNATIVA SUBAREA EDUCACION AMBIENTAL Y DANZA
1339,PEDAGOGIA ALTERNATIVA SUBAREA PSICOPEDAGOGIA
1340,PEDAGOGIA CRITICA
1341,PEDAGOGIA CULTURAL E INTERCULTURALIDAD
1342,PEDAGOGIA DEL DISCURSO
1343,PEDAGOGIA EN ENTORNOS VIRTUALES PARA EL AMBITO MILITAR
1344,PEDAGOGIA MILITAR
1345,PEDAGOGIA SOCIAL
1346,PEDIATRIA
1347,PEDIATRIA Y PUERICULTURA
1348,PENITENCIARIO
1349,PENITENCIARISMO
1350,PENITENCIARISTA
1351,PENSAMIENTO BOLIVARIANO
1352,PENSAMIENTO COMPLEJO Y COMPLEJIDAD EN INVESTIGACION EDUCATIVA
1353,PERFORACION PETROLERA
1354,PERINATOLOGIA
1355,PERINATOLOGIA MEDICINA MATERNO FETAL
1356,PERIODISMO DEPORTIVO
1357,PERIODISMO DIGITAL
1358,PERIODISMO EN MEDIOS DIGITALES
1359,PERIODONCIA
1360,PERITO FORESTAL
1361,PESCA CONTINENTAL Y PISCICULTURA
1362,PESCA Y ACUICULTURA
1363,PETROLEO
1364,PFG PESCA Y ACUICULTURA
1365,PLANIFICACION
1366,PLANIFICACION ALIMENTARIA Y NUTRICIONAL
1367,PLANIFICACION DE OPERACIONES DE SEGURIDAD Y PROTECCION A PERSONALIDADES
1368,PLANIFICACION DE PROGRAMAS SOCIOCOMUNITARIOS
1369,PLANIFICACION DEL DESARROLLO
1370,PLANIFICACION DEL DESARROLLO REGIONAL
1371,PLANIFICACION E INGENIERIA DE LOS RECURSOS HIDRAULICOS
1372,PLANIFICACION EDUCACIONAL
1373,PLANIFICACION EDUCATIVA
1374,PLANIFICACION GLOBAL
1375,PLANIFICACION INTEGRAL DEL AMBIENTE
1376,PLANIFICACION TURISTICA
1377,PLANIFICACION Y CONDUCCION OPERACIONAL MILITAR
1378,PLANIFICACION Y EVALUACION DE LA EDUCACION
1379,PLANIFICACION Y EVALUACION EDUCATIVA
1380,PLANIFICACION Y GERENCIA DE CIENCIA Y TECNOLOGIA
1381,PLANIFICACION Y GESTION DEL DESARROLLO REGIONAL
1382,PLANIFICACION Y PROCESOS SOCIALES DE TRANSICION
1383,PLANIFICACION DESARROLLO Y GESTION DE PROYECTOS
1384,PNF EN ADMINISTRACION
1385,PNF EN AGROALIMENTACION
1386,PNF EN AGROECOLOGIA
1387,PNF EN ARTES AUDIOVISUALES
1388,PNF EN ARTES PLASTICAS
1389,PNF EN AUTOMOTRIZ
1390,PNF EN CIENCIAS DE LA INFORMACION
1391,PNF EN CONSTRUCCION CIVIL
1392,PNF EN CONTADURIA PUBLICA
1393,PNF EN DANZAS
1394,PNF EN DEPORTES
1395,PNF EN DISENO INTEGRAL COMUNITARIO
1396,PNF EN DISTRIBUCION Y LOGISTICA
1397,PNF EN EDUCACION ESPECIAL
1398,PNF EN EDUCACION INICIAL
1399,PNF EN EDUCACION PARA LAS ARTES
1400,PNF EN ELECTRICIDAD
1401,PNF EN ELECTRONICA
1402,PNF EN ENFERMERIA INTEGRAL COMUNITARIA
1403,PNF EN FISIOTERAPIA
1404,PNF EN FONOAUDIOLOGIA
1405,PNF EN GEOCIENCIA
1406,PNF EN HIDROCARBUROS
1407,PNF EN HIGIENE Y SEGURIDAD LABORAL
1408,PNF EN HISTOCITOTECNOLOGIA
1409,PNF EN HISTORIA
1410,PNF EN INFORMATICA
1411,PNF EN INGENIENERIA INDUSTRIAL
1412,PNF EN INGENIERIA DE MANTENIMIENTO
1413,PNF EN INGENIERIA DE MATERIALES INDUSTRIALES
1414,PNF EN INSTRUMENTACION Y CONTROL
1415,PNF EN MATERIALES INDUSTRIALES
1416,PNF EN MECANICA
1417,PNF EN MEDICINA INTEGRAL COMUNITARIA
1418,PNF EN MEDICINA VETERINARIA
1419,PNF EN MUSICA
1420,PNF EN NUTRICION Y DIETETICA
1421,PNF EN ODONTOLOGIA
1422,PNF EN OPTOMETRIA
1423,PNF EN ORFEBRERIA Y JOYERIA
1424,PNF EN ORTESIS Y PROTESIS
1425,PNF EN PREVENCION Y SALUD EN EL TRABAJO
1426,PNF EN PROCESAMIENTO Y DISTRIBUCION DE ALIMENTOS
1427,PNF EN PROCESOS QUIMICOS
1428,PNF EN QUIMICA
1429,PNF EN SEGURIDAD ALIMENTARIA Y CULTURA NUTRICIONAL
1430,PNF EN SISTEMAS DE CALIDAD Y AMBIENTE
1431,PNF EN TEATRO
1432,PNF EN TERAPIA OCUPACIONAL
1433,PNF EN TRANSPORTE FERROVIARIO
1434,PNF EN TURISMO
1435,PNF INDUSTRIAL
1436,PNF PSICOLOGIA SOCIAL
1437,POLICIA AMBIENTAL
1438,POLICIA PREVENTIVA
1439,POLIMEROS
1440,POLITICA EXTERIOR DE VENEZUELA
1441,POLITICA Y COMERCIO PETROLERO INTERNACIONAL
1442,POLITICAS PUBLICAS
1443,POLITICAS PUBLICAS Y EDUCACION
1444,POLITOLOGO
1445,PREESCOLAR
1446,PREESCOLAR TECNICA
1447,PRESUPUESTO Y CONTABILIDAD PUBLICA
1448,PREVENCION Y CONTROL DE RIEGOS INDUSTRIALES
1449,PREVENCION Y CONTROL DE RIESGOS INDUSTRIALES
1450,PREVENCION Y SALUD EN EL TRABAJO
1451,PREVENCION ORIENTACION Y ACCION SOCIAL
1452,PROCEDIMIENTOS Y METODOS
1453,PROCESAL PENAL
1454,PROCESAMIENTO Y DISTRIBUCION DE ALIMENTOS
1455,PROCESOS DE REFINACION DE PETROLEO
1456,PROCESOS DIDACTICOS DEL NIVEL BASICO
1457,PROCESOS GERENCIALES
1458,PROCESOS INDUSTRIALES
1459,PROCESOS QUIMICOS
1460,PROCESOS SOCIAL DEL TRABAJO
1461,PROCESOS SOCIO POLITICOS DE INTEGRACION VENEZOLANOS LATINOAMERICANOS Y DEL CARIBE
1462,PROCESOS SOCIOPOLITICOS DE INTEGRACION VENEZOLANOS LATINOAMERICANOS Y DEL CARIBE
1463,PROCESOS SOCIOPOLITICOS Y DE INTEGRACION VENEZOLANOS LATINOAMERICANO Y DEL CARIBE
1464,PROCESOS SOCIOPOLITICOS Y DE INTEGRACION VENEZOLANOS LATINOAMERICANOS Y DEL CARIBE
1465,PROCESOS Y SISTEMAS ELECTORALES
1466,PRODUCCION AGRICOLA
1467,PRODUCCION AGROALIMENTARIA
1468,PRODUCCION AGROINDUSTRIAL
1469,PRODUCCION AGROPECUARIA
1470,PRODUCCION ANIMAL
1471,PRODUCCION ANIMAL SOSTENIBLE
1472,PRODUCCION ANIMALL
1473,PRODUCCION AUDIOVISUAL
1474,PRODUCCION DE CEMENTO
1475,PRODUCCION DE MEDIOS
1476,PRODUCCION EN TECNOLOGIA AGROALIMENTARIA
1477,PRODUCCION INDUSTRIAL
1478,PRODUCCION INDUSTRIAL TECNICA
1479,PRODUCCION MEDIOS DE COMUNICACION
1480,PRODUCCION SOSTENIBLE DE CACAO Y SUS DERIVADOS
1481,PRODUCCION Y SUPERVISION INDUSTRIAL
1482,PROFESIONAL EN PASTELERIA FRANCESA
1483,PROFESORA
1484,PROFESOR A
1485,PROFESOR A EDUCACION INTEGRAL
1486,PROFESOR A EN EDUCACION MEDIA
1487,PROFESOR DE CONTABILIDAD Y SECRETARIADO
1488,PROFESOR DE EDUCACION EN EL AREA DE BIOLOGIA
1489,PROFESOR DE EDUCACION EN EL AREA DE MATEMATICA
1490,PROFESOR DE EDUCACION MEDIA
1491,PROFESOR DE HISTORIA Y CIENCIAS SOCIALES
1492,PROFESOR EN ARTES INDUSTRIALES
1493,PROFESOR EN EDUCACION INFORMATICA
1494,PROFESOR EN EDUCACION INTEGRAL
1495,PROFESOR EN EDUCACION MEDIA
1496,PROFESOR EN EDUCACION TECNICA PROFESIONAL
1497,PROFESOR EN INFORMATICA
1498,PROFESORA DE EDUCACION EN EL AREA DE BIOLOGIA
1499,PROFESORA DE EDUCACION EN EL AREA DE MATEMATICA
1500,PROFESORA DE EDUCACION MEDIA
1501,PROFESORA DE EDUCACION MEDIA EN FISICA
1502,PROFESORA DE EDUCACION MEDIA TECNICA Y PROFESIONAL
1503,PROFESORA EDUCACION COMERCIAL
1504,PROFESORA EDUCACION EN EL AREA DE MATEMATICA
1505,PROFESORA EN EDUCACION TECNICA Y PROFESIONAL
1506,PROFESORA EN EL AREA DE FISICA
1507,PROFESORA EN EL AREA DE QUIMICA
1508,PROFESOR
1509,PROFESORA DE EDUCACION MEDIA EN LA
1510,PROFESORA EN ARTES INDUSTRIALES
1511,PROFESORA EN DIBUJO TECNICO
1512,PROFESORA EN EDUCACION COMERCIAL
1513,PROFESORA EN EDUCACION INFORMATICA
1514,PROFESORA EN EDUCACION INTEGRAL
1515,PROFESORA EN EDUCACION MEDIA TECNICA Y PROFESIONAL
1516,PROFESORA EN EDUCACION PREESCOLAR
1517,PROFESORA EN EDUCACION TECNICA PROFESIONAL
1518,PROFESORA EN INFORMATICA
1519,PROFESORA EN LA
1520,PROFESORA EDUCACION ESPECIAL CON DISCAPACIDAD INTELECTUAL Y DEL DESARROLLO
1521,PROGRAMA DE FORMACION DE GRADO EN PSICOLOGIA
1522,PROGRAMA DE FORMACION DE GRADO EN RELACIONES INTERNACIONALES
1523,PROMOCION DE LA LECTURA Y LA ESCRITURA
1524,PROPIEDAD INTELECTUAL
1525,PROSTODONCIA
1526,PROTECCION CIVIL Y ADMINISTRACION DE DESASTRES
1527,PROTECCION Y SEGURIDAD INDUSTRIAL
1528,PROYECTOS DE PARTICIPACION Y GESTION
1529,PROYECTOS EDUCATIVOS COMUNITARIOS
1530,PRUEBA
1531,PSICOLOGIA
1532,PSICOLOGIA CLINICA
1533,PSICOLOGIA CLINICA COMUNITARIA
1534,PSICOLOGIA DE LA INSTRUCCION
1535,PSICOLOGIA DE LA SALUD
1536,PSICOLOGIA EDUCACIONAL
1537,PSICOLOGIA ORGANIZACIONAL
1538,PSICOLOGIA POSITIVA
1539,PSICOLOGIA SOCIAL
1540,PSICOPEDAGOGIA
1541,PSICOPEDAGOGIA TECNICA
1542,PSIQUIATRIA
1543,PSIQUIATRIA INFANTIL Y JUVENIL
1544,PSIQUIATRIA Y SALUD MENTAL COMUNITARIA
1545,PUBLICIDAD
1546,PUBLICIDAD TECNICA
1547,PUBLICIDAD Y MERCADEO
1548,PUBLICIDAD Y MERCADEO TECNICA
1549,PUBLICIDAD Y RELACIONES PUBLICAS
1550,PUBLICIDAD Y RELACIONES PUBLICAS TECNICA
1551,PUERICULTURA Y PEDIATRIA
1552,QUIMICA
1553,QUIMICA ANALITICA
1554,QUIMICA DE MEDICAMENTOS
1555,QUIMICA INDUSTRIAL
1556,QUIMICA TECNOLOGICA
1557,QUIMICO
1558,RADIODIAGNOSTICO
1559,RADIODIAGNOSTICO TECNICA
1560,RADIOIMAGENOLOGIA
1561,RADIOLOGIA
1562,RADIOLOGIA E IMAGENES DIAGNOSTICAS
1563,RADIOLOGIA E IMAGENOLOGIA
1564,RADIOLOGIA Y DIAGNOSTICO POR IMAGENES
1565,RADIOTERAPIA
1566,RADIOTERAPIA Y MEDICINA NUCLEAR
1567,RECREACION
1568,RECURSOS HIDRAULICOS
1569,RECURSOS HUMANOS
1570,RECURSOS NATURALES
1571,RECURSOS NATURALES RENOVABLES
1572,REDES ELECTRICA
1573,REDES ELECTRICAS
1574,REDES SOCIALES Y COMUNICACION DIALOGICA
1575,REDES SOCIALES Y COMUNICACION POLITICA
1576,REDES Y COMUNICACIONES TECNICA
1577,REDES Y TELECOMUNICACIONES
1578,REFINACION Y PETROQUIMICA
1579,REGISTRO Y ESTADISTICAS DE SALUD
1580,REGISTROS Y ESTADISTICAS DE SALUD TECNICA
1581,REHABILITACION BUCAL
1582,RELACIONES ECONOMICAS INTERNACIONALES
1583,RELACIONES ECONOMICAS INTERNACIONES
1584,RELACIONES INDUSTRIALES
1585,RELACIONES INDUSTRIALES INDUSTRIOLOGO
1586,RELACIONES INDUSTRIALES TECNICA
1587,RELACIONES INTERNACIONALES
1588,RELACIONES PUBLICAS
1589,RELACIONES PUBLICAS LICENCIATURA
1590,RELACIONES PUBLICAS TECNICA
1591,REPRODUCCION ANIMAL
1592,RESGUARDO NACIONAL
1593,RESPONSABILIDAD SOCIAL EMPRESARIAL
1594,REUMATOLOGIA
1595,REVALIDA DE MEDICO CIRUJANO
1596,RIESGO Y SEGURO
1597,RIESGO Y SEGURO FINANCIERO
1598,RIESGOS Y SEGUROS
1599,SALUD
1600,SALUD ANIMAL
1601,SALUD BUCAL HIGIENE BUCAL
1602,SALUD BUCAL MECANICA DENTAL
1603,SALUD COLECTIVA
1604,SALUD CONDUCTUAL
1605,SALUD E HIGIENE OCUPACIONAL
1606,SALUD OCUPACIONAL
1607,SALUD OCUPACIONAL E HIGIENE DEL AMBIENTE LABORAL
1608,SALUD PUBLICA
1609,SANIDAD ANIMAL
1610,SANIDAD MILITAR
1611,SANITARIA
1612,SECRETARIA
1613,SECRETARIADO ADMINISTRATIVO TECNICA
1614,SEGURIDAD AEREA Y TERRESTRE
1615,SEGURIDAD ALIMENTARIA
1616,SEGURIDAD ALIMENTARIA Y CULTURA NUTRICIONAL
1617,SEGURIDAD CIUDADANA
1618,SEGURIDAD CIUDADANA ATENCION INTEGRAL
1619,SEGURIDAD CIUDADANA Y PAZ
1620,SEGURIDAD CIUDADANIA Y PAZ
1621,SEGURIDAD DE LA NACION
1622,SEGURIDAD DE LA NACION Y DEFENSA INTEGRAL
1623,SEGURIDAD INDUSTRIAL
1624,SEGURIDAD INTEGRAL
1625,SEGURIDAD INTEGRAL TECNICA
1626,SEGURIDAD MILITAR
1627,SEGURIDAD SOCIAL
1628,SEGURIDAD Y DEFENSA NACIONAL
1629,SEGURIDAD Y DESARROLLO INTEGRAL
1630,SEGURIDAD Y SALUD OCUPACIONAL
1631,SEGURIDAD DEFENSA INTEGRAL E INTEGRACION
1632,SEGUROS
1633,SERVICIO DE POLICIA
1634,SERVICIOS DE LA HOSPITALIDAD
1635,SERVICIOS INDUSTRIALES
1636,SEXOLOGIA MEDICA
1637,SIMULACION Y JUEGOS ESTRATEGICOS
1638,SISTEMAS
1639,SISTEMAS DE CALIDAD
1640,SISTEMAS DE CALIDAD Y AMBIENTE
1641,SISTEMAS DE INFORMACION
1642,SISTEMAS DE LA CALIDAD
1643,SISTEMAS DE POTENCIA
1644,SISTEMAS DE PRODUCCION ANIMAL
1645,SISTEMAS E INFORMATICA
1646,SISTEMAS ELECTRICOS DE POTENCIA
1647,SISTEMAS INDUSTRIALES
1648,SISTEMAS TELEMATICOS
1649,SISTEMAS TERMICOS
1650,SISTEMOLOGIA INTERPRETATIVA
1651,SOCIOLOGIA
1652,SOCIOLOGIA DEL DESARROLLO
1653,SOLDADURA
1654,SORDOCEGUERA Y DISCAPACIDAD MULTIPLE
1655,SUB AREA EMERGENCIAS PREHOSPITALARIAS
1656,TACTICA E INTELIGENCIA POLICIAL
1657,TACTICA NAVAL
1658,TASACION DE BIENES INMUEBLES URBANOS
1659,TASACION DE INMUEBLES URBANOS
1660,TEATRO
1661,TEATRO LATINOAMERICANO
1662,TECNICA SUPERIOR EN CITOTECNOLOGIA
1663,TECNICA SUPERIOR EN IMAGENOLOGIA
1664,TECNICA SUPERIOR UNIVERSITARIA EN HISTOCITOTECNOLOGIA
1665,TECNICA SUPERIOR UNIVERSITARIO EN DESARROLLO ENDOGENO
1666,TECNICAS OPERATIVAS DE SEGURIDAD Y PROTECCION A PERSONALIDADES
1667,TECNICO A SUPERIOR UNIVERSITARIO A EN SERVICIO DE POLICIA
1668,TECNICO EN ADMINISTRACION BANCARIA
1669,TECNICO EN ADMINISTRACION Y PROCESOS CONTABLES
1670,TECNICO EN GESTION DE RIESGOS
1671,TECNICO EN MARKETING DIGITAL
1672,TECNICO EN PRESUPUESTO Y CONTABILIDAD PUBLICA
1673,TECNICO EN RESCATE Y EMERGENCIAS PREHOSPITALARIAS
1674,TECNICO EN TRANSPORTE URBANO
1675,TECNICO RADIOLOGO
1676,TECNICO SUPERIOR ESPECIALISTA EN SISTEMAS TECNICOS
1677,TECNICO SUPERIOR ESPECIALISTA EN TRANSPORTE URBANO
1678,TECNICO SUPERIOR FORESTAL
1679,TECNICOA SUPERIOR UNIVERSITARIO EN INVESTIGACION PENAL
1680,TECNOLOGA EN PRODUCCION AGROPECUARIA
1681,TECNOLOGIA
1682,TECNOLOGIA ADMINISTRATIVA
1683,TECNOLOGIA AGRICOLA
1684,TECNOLOGIA AGROINDUSTRIAL
1685,TECNOLOGIA AGROPECUARIA
1686,TECNOLOGIA AMBIENTAL
1687,TECNOLOGIA AUTOMOTRIZ
1688,TECNOLOGIA BLOCKCHAIN
1689,TECNOLOGIA CARDIOPULMONAR
1690,TECNOLOGIA DE ADMINISTRACION DE FINCAS
1691,TECNOLOGIA DE ADMINISTRACION DE OBRAS
1692,TECNOLOGIA DE ALIMENTOS
1693,TECNOLOGIA DE ALIMENTOS TECNICA
1694,TECNOLOGIA DE CONSERVACION DE LOS RECURSOS NATURALES RENOVABLES
1695,TECNOLOGIA DE GAS
1696,TECNOLOGIA DE INCENDIOS
1697,TECNOLOGIA DE LA COMPUTACION EN EDUCACION
1698,TECNOLOGIA DE LA CONSTRUCCION CIVIL
1699,TECNOLOGIA DE LA INFORMACION
1700,TECNOLOGIA DE LA INFORMACION Y COMUNICACION
1701,TECNOLOGIA DE LA PRODUCCION AGRICOLA
1702,TECNOLOGIA DE LA PRODUCCION AGROALIMENTARIA
1703,TECNOLOGIA DE LOS MATERIALES TECNICA
1704,TECNOLOGIA DE LOS RECURSOS NATURALES RENOVABLES
1705,TECNOLOGIA DE MANTENIMIENTO
1706,TECNOLOGIA DE MATERIALES
1707,TECNOLOGIA DE PRODUCCION AGROALIMENTARIA
1708,TECNOLOGIA DE SEGURIDAD INDUSTRIAL
1709,TECNOLOGIA EDUCATIVA
1710,TECNOLOGIA ELECTRICA
1711,TECNOLOGIA ELECTRONICA
1712,TECNOLOGIA EN ADMINISTRACION INDUSTRIAL
1713,TECNOLOGIA EN ESTADISTICA
1714,TECNOLOGIA EN FABRICACION MECANICA
1715,TECNOLOGIA EN INDUSTRIA FORESTAL
1716,TECNOLOGIA EN MANTENIMIENTO DE EQUIPOS ELECTROMECANICOS
1717,TECNOLOGIA EN PROCESOS INDUSTRIALES
1718,TECNOLOGIA EN PRODUCCION AGROALIMENTARIA
1719,TECNOLOGIA EN SISTEMAS INDUSTRIALES
1720,TECNOLOGIA FORESTAL
1721,TECNOLOGIA INSTRUMENTISTA
1722,TECNOLOGIA MECANICA
1723,TECNOLOGIA MINERA
1724,TECNOLOGIA NAVAL
1725,TECNOLOGIA PECUARIA
1726,TECNOLOGIA PESQUERA
1727,TECNOLOGIA PETROLERA
1728,TECNOLOGIA POLICIAL
1729,TECNOLOGIA SUPERIOR EN ESTADISTICA DE SALUD
1730,TECNOLOGIA TEXTIL
1731,TECNOLOGIA Y TERAPIA CARDIORRESPIRATORIA
1732,TECNOLOGIA APRENDIZAJE Y CONOCIMIENTO
1733,TECNOLOGO EN ADMINISTRACION
1734,TECNOLOGO EN ADMINISTRACION INDUSTRIAL
1735,TECNOLOGO EN ADMINISTRACION Y CONTADURIA
1736,TECNOLOGO EN AGROECOLOGIA
1737,TECNOLOGO EN COMPUTACION
1738,TECNOLOGO EN CONSTRUCCION CIVIL
1739,TECNOLOGO EN EDUCACION INTEGRAL
1740,TECNOLOGO EN ESTETICA INTEGRAL
1741,TECNOLOGO EN FABRICACION MECANICA
1742,TECNOLOGO EN PRODUCCION AGROPECUARIA
1743,TECNOLOGO EN SISTEMAS INDUSTRIALES
1744,TECNOLOGO INDUSTRIAL
1745,TELECOMUNICACIONES
1746,TELECOMUNICACIONES AERONAUTICAS
1747,TELECOMUNICACIONES Y ELECTRONICA
1748,TELEMATICA
1749,TELEMATICA E INFORMATICA EN EDUCACION A DISTANCIA
1750,TEOLOGIA
1751,TEOLOGIA FUNDAMENTAL
1752,TEOLOGIA HOLISTICA
1753,TEOLOGIA NIVEL 3
1754,TEOLOGIA PASTORAL
1755,TEOLOGIAS LATINOAMERICANAS Y CARIBENAS
1756,TERAPIA DE LA CONDUCTA INFANTIL
1757,TERAPIA DEL LENGUAJE
1758,TERAPIA INTENSIVA Y MEDICINA CRITICA
1759,TERAPIA OCUPACIONAL
1760,TERAPIA PSICOSOCIAL
1761,TERAPIA PSICOSOCIAL TECNICA
1762,TERAPIAS DE REHABILITACION FISICA
1763,TOPOGRAFIA TECNICA
1764,TOXICOLOGIA ANALITICA
1765,TOXICOLOGIA MEDICA
1766,TRABAJO SOCIAL
1767,TRABAJO SOCIAL TECNICA
1768,TRADUCCION
1769,TRADUCCION E INTERPRETACION
1770,TRANSITO AEREO
1771,TRANSPORTE
1772,TRANSPORTE ACUATICO
1773,TRANSPORTE FERROVIARIO
1774,TRANSPORTE MARITIMO
1775,TRANSPORTE URBANO
1776,TRAUMATOLOGIA Y ORTOPEDIA
1777,TRIBUTACION
1778,TRIBUTOS
1779,TURISMO
1780,TURISMO AGROECOLOGICO
1781,TURISMO Y HOTELERIA
1782,UNIVERSIDAD POLITECNICA TERRITORIAL AGROINDUSTRIAL DEL ESTADO TACHIRA
1783,URBANISMO
1784,URBANISTA
1785,UROLOGIA
1786,VENTAS
1787,VETERINARIA
1788,VIGILANCIA SANITARIA DE MEDICAMENTOS
1789,VIVIENDA
