1,ADUANAS,7
2,BANCA Y FINANZAS,7
3,GERENCIA INDUSTRIAL,7
4,INFORMATICA,7
5,MERCADEO,7
6,ORGANIZACION Y SISTEMAS,7
7,RECURSOS HUMANOS,7
8,TURISMO,7
9,TRIBUTACION,7
10,ANTROPOLOGIA SOCIAL Y CULTURAL,119
11,AUDIOVISUALES,133
12,DANZA,133
13,TEATRO,133
14,ES RENTAS ADUANAS Y COMERCIO EXTERIOR FINANZAS PUBLICAS,238
15,FORMACION POLITICA,1337
16,TURISMO,525
17,INGLES,517
18,ELECTRICIDAD,554
19,MECANICA,554
20,AGROPECUARIA,517
21,ARTES,517
22,BASICA INTEGRAL,517
23,BIOLOGIA,517
24,BIOLOGIA Y QUIMICA,517
25,CASTELLANO Y LITERATURA,517
26,CIENCIAS FISICO NATURALES,517
27,CIENCIAS SOCIALES,517
28,CIENCIAS Y TECNOLOGIA DE LA EDUCACION,517
29,COMPUTACION,517
30,EDUCACION FISICA,517
31,EDUCACION FISICA Y DEPORTES,517
32,EDUCACION FISICA DEPORTE Y RECREACION,517
33,FISICA,517
34,FISICA Y MATEMATICA,517
35,GEOGRAFIA,517
36,GEOGRAFIA E HISTORIA,517
37,GEOGRAFIA Y CIENCIAS DE LA TIERRA,517
38,HISTORIA,517
39,IDIOMAS MODERNOS,517
40,INFORMATICA,517
41,INFORMATICA Y MATEMATICA,517
42,INTEGRAL,517
43,INTEGRAL TECNICA,517
44,LENGUA Y LITERATURA,517
45,LENGUA LITERATURA Y LATIN,517
46,LENGUAS EXTRANJERAS,517
47,LENGUAS MODERNAS,517
48,MATEMATICA,517
49,MATEMATICA Y FISICA,517
50,MUSICA,517
51,ORIENTACION,517
52,PREESCOLAR,517
53,QUIMICA,517
54,TECNICA INDUSTRIAL,517
55,TECNICA MERCANTIL,517
56,ARTES ESCENICAS,517
57,ARTES PLASTICAS,517
58,CASTELLANO LITERATURA Y LATIN,517
59,CIENCIAS DE LA TIERRA,517
60,DIBUJO TECNICO,517
61,EDUCACION COMERCIAL,517
62,EDUCACION ESPECIAL EN DIFICULTADES DEL APRENDIZAJE,517
63,EDUCACION ESPECIAL EN DISCAPACIDAD INTELECTUAL Y DESARROLLO,517
64,EDUCACION ESPECIAL PARA PERRSONAS EN SITUACION DE DISCAPACIDAD,517
65,EDUCACION ESPECIAL PARA SORDOS,517
66,EDUCACION INICIAL,517
67,EDUCACION INTERCULTURAL BILINGUE,517
68,EDUCACION MUSICAL,517
69,EDUCACION PRIMARIA,517
70,EDUCACION RURAL,517
71,ELECTRICIDAD INDUSTRIAL,517
72,ELECTRONICA INDUSTRIAL,517
73,FRANCES,517
74,MECANICA INDUSTRIAL,517
75,PEDAGOGIA SOCIAL,517
76,AGROECOLOGIA,517
77,TELECOMUNICACIONES TECNICA,592
78,GAS,1036
79,PETROLEO,1036
80,HISTORIA DEL ARTE,1133
81,LENGUA Y LITERATURA HISPANOAMERICANA Y VENEZOLANA,1133
82,DOCENCIA EN MATEMATICA,1180
83,COMERCIO EXTERIOR,1251
84,PUBLICIDAD,1251
85,INDUSTRIA,766
86,CERAMICA,1413
87,METALURGIA,1413
88,PROCESAMIENTO Y CONTROL DE CALIDAD DE LOS ALIMENTOS,1692
89,CONSTRUCCION NAVAL,1724
90,HOTELERIA TECNICA,1779
91,CIENCIAS SOCIALES AREA GEOGRAFIA AREA HISTORIA,517
92,EMPRESAS,7
93,FINANZAS,21
94,DOCENCIA EN IDIOMA INGLES,517
95,ORIENTACION Y ASESORAMIENTO,517
96,EDUCACION INTEGRAL,1483
97,NAVEGACION,256
98,DIFICULTADES DE APRENDIZAJE,517
99,PRODUCCION,246
100,GEOGRAFIA HISTORIA Y CIUDADANIA,1490
101,ADMINISTRACION DE RECURSOS HUMANOS,7
102,GERENCIA DE TALENTO HUMANO,441
103,INGLES,567
104,GEOGRAFIA HISTORIA Y CIUDADANIA,567
105,ADMINISTRACION PUBLICA,274
106,ADMINISTRACION DE EMPRESAS,7
107,PERIODISMO IMPRESO,315
108,ADMINISTRACION DE EMPRESAS,441
109,ELECTROMECANICA,274
110,PUBLICIDAD Y RELACIONES PUBLICAS,315
111,PLANIFICACION EDUCATIVA,517
112,EDUCACION ESPECIAL EN DIFICULTADES DEL APRENDIZAJE,1483
113,RECURSOS HUMANOS,67
114,ADMINISTRACION,441
115,INGLES,1483
116,INDUSTRIAL,993
117,GERENCIA ADMINISTRATIVA,7
118,POLICIAL,1617
119,AGROECOLOGIA,1337
120,ORIENTACION EN SEXOLOGIA,200
121,EDUCACION RURAL,1483
122,PEDAGOGICA DE LA EDUCACION FISICA,220
123,DISENO GRAFICO,130
124,CALIDAD DEL AGUA,1611
125,ADMINISTRACION FISCAL Y TRIBUTARIA,7
126,EDUCACION INICIAL Y PRIMERA ETAPA DE EDUCACION BASICA,517
127,ADMINISTRACION DE EMPRESAS AGROPECUARIAS,7
128,DESARROLLO COMUNITARIO,517
129,GESTION SOCIAL COMUNITARIA,441
130,PERIODISMO AUDIOVISUAL,315
131,EJECUCION INSTRUMENTAL VIOLIN SOLISTA SINFONICO,1273
132,ADUANAS,65
133,FINANZAS,7
134,FINANZAS,862
135,ADMINISTRACION PUBLICA,276
136,DESARROLLO CULTURAL,517
137,FISCALIZACION LABORAL,441
138,ADMINISTRACION DE EMPRESAS,1682
139,CLINICA,1531
140,AGROALIMENTACION,441
141,EJECUCION INSTRUMENTAL VIOLONCELLO,1273
142,ADMINISTRACION DE PERSONAL,7
143,RETARDO MENTAL Y PROBLEMAS EMOCIONALES,1540
144,LENGUA Y LITERATURAS CLASICAS,1133
145,CALIDAD DEL AGUA,1086
146,PEDAGOGIA DE LA EDUCACION FISICA,220
147,EDUCACION,947
148,ORIENTACION DE LA CONDUCTA,200
149,CIENCIAS BIOLOGICAS,517
150,CIENCIAS PEDAGOGICAS,517
151,EDUCACION INTEGRAL TECNICA,517
152,DIFICULTADES DEL APRENDIZAJE TECNICA,544
153,ARTES INDUSTRIALES,517
154,CIENCIAS DE LA RELIGION,517
155,FILOSOFIA,517
156,PEDAGOGIA RELIGIOSA,517
157,TEOLOGIA,517
158,EDUCACION PREESCOLAR TECNICA,517
159,CIENCIAS RELIGIOSAS TECNICA,517
160,RETARDO MENTAL TECNICA,544
161,HISTORIA Y GEOGRAFIA,517
162,PEDAGOGIA RELIGIOSA TECNICA,517
163,PREESCOLAR TECNICA,517
164,HISTORIA TECNICA,517
165,EDUCACION ESPECIAL TECNICA,517
166,ADMINISTRACION,752
167,BANCA Y SEGUROS,7
168,RECURSOS HUMANOS TECNICA,7
169,CONTABILIDAD Y FINANZAS,7
170,BANCA,13
171,PERSONAL,21
172,COSTOS,7
173,BANCA Y FINANZAS TECNICA,7
174,GERENCIA Y MERCADEO,7
175,RELACIONES INDUSTRIALES,7
176,TRANSPORTE Y DISTRIBUCION DE BIENES,7
177,COMERCIO EXTERIOR,7
178,RIESGOS Y SEGUROS TECNICA,7
179,SEGUROS MERCANTILES,7
180,PROGRAMAS SOCIALES,7
181,AUDIOVISUAL,315
182,SERVICIOS TURISTICOS TECNICA,1779
183,MUSEOLOGIA,130
184,MUSICOLOGIA,1273
185,MUSICA,130
186,INGLES,948
187,INGLES,949
188,ADMINISTRACION BANCARIA,441
189,TELECOMUNICACIONES,1019
190,MANTENIMIENTO,1074
191,MECANICA NAVAL,1724
192,NAVEGACION Y PESCA,1724
193,AUTOMATIZACION Y CONTROL,1019
194,MANTENIMIENTO,599
195,MECATRONICA,1019
196,ADMINISTRACION INTEGRAL,441
197,PLANIFICACION Y EVALUACION DE LA EDUCACION,200
198,EDUCACION PREESCOLAR,1483
199,EDUCACION INICIAL,1483
200,PLANIFICACION DE LA EDUCACION,220
201,GESTION Y PLANIFICACION PUBLICA,441
202,RIESGOS Y SEGUROS,20
203,GEOGRAFIA E HISTORIA,1483
204,SUPERVISION DE OBRAS CIVILES,441
205,GESTION SOCIAL,441
206,GERENCIA DE RECURSOS HUMANOS,202
207,EDUCACION INTEGRAL,517
208,CIENCIAS COMERCIALES,7
209,EDUCACION PARA EL TRABAJO Y EL DESARROLLO ENDOGENO,517
210,GESTION DE RIESGO,1337
211,RIESGOS Y SEGUROS,7
212,DESARROLLO SOCIAL,315
213,PLANIFICACION Y CONTROL TRIBUTARIO,238
214,EDUCACION AGROPECUARIA,1483
215,EMPRESARIAL,949
216,GERENCIA DE TALENTO HUMANO,202
217,GESTION ADMINISTRATIVA,441
218,FUTBOL SALA,649
219,ENSENANZA DE LA MATEMATICA,1337
220,EDUCACION SUPERIOR,517
221,SEGURIDAD Y DEFENSA,441
222,DIFICULTAD PARA EL APRENDIZAJE,1337
223,INVESTIGACION PENAL,916
224,EDUCACION ESPECIAL EN RETARDO MENTAL,1483
225,INVESTIGACION EDUCATIVA,517
226,GERENCIA DE OPERACIONES,766
227,ENFERMERIA,441
228,FORMACION ADMINISTRACION Y CONTABILIDAD,441
229,DIFICULTADES EN EL APRENDIZAJE Y PROBLEMAS EMOCIONALES,1540
230,OPERACIONES,1178
231,GERENCIA CULTURAL,441
232,ADMINISTRACION DEL TALENTO HUMANO,441
233,MUSICA,1337
234,EDUCACION INICIAL,1337
235,RECURSOS MATERIALES Y FINANCIEROS,7
236,DISENO DE MODAS,1337
237,ESTUDIOS BIBLICOS,1681
238,OPERACIONES AEROESPACIALES,274
239,TALENTO HUMANO,441
240,RESGUARDO NACIONAL,253
241,VEGETAL,171
242,EDUCACION COMERCIAL,1483
243,GERENCIA DE RECURSOS HUMANOS,441
244,QUIMICA,1483
245,DOCENCIA UNIVERSITARIA,582
246,EDUCACION MATEMATICA,1337
247,ALMACEN Y MERCADEO,441
248,ADMINISTRACION EDUCATIVA,1337
249,SALUD COMUNITARIA,620
250,GERENCIA Y PLANIFICACION INSTITUCIONAL,7
251,RECURSOS HUMANOS,246
252,EDUCACION FISICA,1483
253,ADMINISTRACION DE RECURSOS HUMANOS,441
254,DESARROLLO ARTESANAL,441
255,GESTION SOCIAL Y DESARROLLO COMUNITARIO,441
256,AGROECOLOGIA,441
257,EDUCACION ARTISTICA,1337
258,EDUCACION FISICA,1337
259,ALMACENAMIENTO Y DISTRIBUCION,59
260,OPERACIONES AEROESPACIALES,275
261,GESTION SOCIAL PUBLICA,441
262,GESTION DE MANTENIMIENTO,618
263,COMPUTARIZADO,478
264,ADMINISTRACION TRIBUTARIA Y GESTION FISCAL,441
265,ADMINISTRACION ADUANERA,7
266,GESTION INTEGRAL ADMINISTRATIVA,441
267,ADMINISTRACION CONTABLE,441
268,CREDITO Y COBRANZAS,159
269,COMUNICACION PARA EL DESARROLLO HUMANISTICO,315
270,FORMACION Y ORGANIZACION SOCIAL,441
271,DIRECCION CORAL,1273
272,ELECTRONICA INDUSTRIAL,1483
273,READAPTACION SOCIAL,144
274,ORTESIS Y PROTESIS,441
275,ADMINISTRACION FINANCIERA,441
276,GESTION SOCIO POLITICA,441
277,DESARROLLO DEPORTIVO,1337
278,EDUCACION INTEGRAL,1337
279,SERVICIOS BIBLIOTECARIOS,1337
280,ENSENANZA DE LA MATEMATICA,517
281,TECNOLOGIA DE LA INFORMACION Y COMUNICACION,1337
282,EDUCACION MUSICAL,1483
283,INFORMATICA,441
284,MANEJO DE LOS RECURSOS AGUA Y SUELO,1571
285,SERVICIOS TURISTICOS,1779
286,EMERGENCIAS PREHOSPITALARIAS,441
287,ADMINISTRACION,275
288,DISENO COMUNICACIONAL,441
289,ELECTRICIDAD,441
290,MANTENIMIENTO INDUSTRIAL,1029
291,GERENCIA EN REGISTRO,441
292,EVALUACION DEL IMPACTO AMBIENTAL,210
293,FORMACION SOCIOPOLITICA,1337
294,PRODUCCION VEGETAL,1685
295,GESTION AMBIENTAL,441
296,ADMINISTRACION EN GERENCIA,1337
297,GEOGRAFIA MILITAR,277
298,GERENCIA ESTRATEGICA,202
299,EVALUACION INSTITUCIONAL,517
300,PLANIFICACION INSTITUCIONAL,517
301,QUIMICA,1500
302,MERCADEO,752
303,EDUCACION FISICA DEPORTE Y RECREACION PARA EL INDIVIDUO CON NECESIDADES ESPECIALES,517
304,FINANZAS,752
305,FINANZAS,246
306,POLITICA INTERNACIONAL,268
307,EDUCACION POPULAR,1337
308,GERENCIA GENERAL,202
309,SISTEMAS DE INFORMACION,752
310,CONSTRUCCION CIVIL,1029
311,ORIENTACION EN EDUCACION PARA PADRES,200
312,EDUCACION,1321
313,CIENCIAS SOCIALES AREA GEOGRAFIA,517
314,INNOVACION Y DESARROLLO TECNOLOGICO,441
315,AGROECOLOGIA,1029
316,MATEMATICA,1483
317,ARTESANIA,441
318,EJECUCION INSTRUMENTAL OBOE,1273
319,SEGURIDAD Y PROTECCION A PERSONAS,441
320,GESTION Y CONTROL FISCAL,441
321,ATENCION AL CIUDADANO,441
322,ENSENANZA DE LA EDUCACION FISICA,517
323,OPERACIONES,1072
324,AGRICULTURA Y SOBERANIA ALIMENTARIA,170
325,FINANZAS,766
326,FISIOTERAPIA,1610
327,CONTADURIA,7
328,MANTENIMIENTO,592
329,ESTUDIOS POLITICOS Y DE GOBIERNO,441
330,BUSQUEDA Y SALVAMENTO,80
331,ADMINISTRACION TRIBUTARIA,1682
332,PRODUCTIVIDAD,224
333,BOMBERIL,1617
334,PROCESOS DE APRENDIZAJE EN ORIENTACION PASTORAL,517
335,GESTION DE POLITICAS PUBLICAS Y BIENESTAR SOCIAL,441
336,TERAPIA FISICA Y REHABILITACION,1337
337,GESTION ADMINISTRATIVA DEL TALENTO HUMANO,441
338,COMUNICACION PARA EL DESARROLLO CIENTIFICO,315
339,MANTENIMIENTO,1187
340,ESTUDIOS DEL TRABAJO,270
341,GESTION UNIVERSITARIA,441
342,INTELIGENCIA MILITAR,274
343,INFORMATICA,1483
344,RETARDO MENTAL,544
345,MECANICA AERONAUTICA,1078
346,GESTION Y LIDERAZGO EDUCACIONAL,517
347,GESTION DE SALUD INTEGRAL,441
348,IDIOMAS EXTRANJEROS INGLES Y FRANCES,517
349,CRIMINOLOGIA,441
350,GESTION DE SALUD,441
351,MEDICINA DEL TRABAJO,1606
352,DERECHO INTERNACIONAL DE LOS DERECHOS HUMANOS,405
353,PROCESAMIENTO AUTOMATICO DE DATOS,7
354,OBSTETRICIA,634
355,MANTENIMIENTO,1722
356,COMUNICACIONES Y ELECTRONICA,274
357,INTELIGENCIA AEROESPACIAL,274
358,INFORMATICA Y COMUNICACION,441
359,ADMINISTRACION Y GESTION SOCIAL,441
360,EDUCACION PARA LA SALUD,1337
361,DESARROLLO SOCIAL,441
362,GESTION DE PROCESOS ADMINISTRATIVOS,441
363,INFORMATICA Y DISENO INSTRUCCIONAL,517
364,GERENCIA,517
365,MERCADEO AGRICOLA,7
366,SALUD Y SOCIEDAD,270
367,GESTION DE SEGURIDAD INTEGRAL,441
368,FISICA,1483
369,SEGURIDAD Y DEFENSA INTEGRAL,441
370,AGROPECUARIA,520
371,GERENCIA FINANCIERA,766
372,ADMINISTRACION DE RECURSOS FISICOS Y FINANCIEROS,253
373,ALOJAMIENTO,1779
374,DERECHO,200
375,ARTE,517
376,DOCENCIA AGROPECUARIA,517
377,COMERCIALIZACION,1254
378,ADUANAS Y COMERCIO EXTERIOR,238
379,EDUCACION PARA ADULTOS,1337
380,TRABAJO SOCIAL,441
381,FISCALIZACION Y GESTION PUBLICA,441
382,DISENO GRAFICO,128
383,DISENO,486
384,DESARROLLO ARTISTICO,1337
385,FITOTERAPIA,1275
386,ELECTRICIDAD,274
387,GERENCIA PUBLICA,202
388,GASTRONOMIA Y ARTES CULINARIAS,441
389,ARMAMENTO,274
390,TRANSITO AEREO,274
391,GERENCIA DE RECURSOS HUMANOS,7
392,CONTROL DE TRANSITO AEREO,80
393,ELECTRONICA PARA LA SEGURIDAD DEL TRANSITO AEREO,1022
394,GESTION DE TRIPULACION DE CABINA DE PASAJEROS,80
395,PUBLICIDAD,1255
396,MERCADEO,766
397,COMUNICACION PARA EL DESARROLLO ECONOMICO,315
398,INTERPRETE DE DANZA CONTEMPORANEA,364
399,GERENCIA DE EMPRESAS,7
400,DIDACTICA,517
401,FILOSOFIA DE LA PRACTICA,718
402,DESARROLLO SOCIAL DE PUEBLOS INDIGENAS,441
403,GERENCIA SOCIAL,1627
404,ADMINISTRACION ESCOLAR,1337
405,SEGURIDAD CIUDADANA,441
406,OPERADOR DE TELECOMUNICACIONES AERONAUTICAS,80
407,GESTION ADMINISTRATIVA Y FISCAL,441
408,CORTE Y CONFECCION,1337
409,NAVEGACION Y OPERACIONES ACUATICAS,1772
410,PLANIFICACION DEL DESARROLLO REGIONAL,268
411,GASTRONOMIA TRADICIONAL,1337
412,SUPERVISION Y GERENCIA EDUCATIVA,200
413,DEFENSA AEREA,275
414,ROPA,474
415,ENSENANZA DE LA FISICA,517
416,INVESTIGACION EDUCACIONAL,517
417,INFORMACION Y COMUNICACION AERONAUTICA,80
418,ADMINISTRACION,7
419,EQUIPOS MECANICOS,1160
420,QUIMICA APLICADA,1552
421,ECOLOGIA ACUATICA,213
422,EJECUCION INSTRUMENTAL CORNO SOLISTA SINFONICO,1273
423,DOCENCIA UNIVERSITARIA,220
424,GERENCIA EDUCATIVA,1337
425,GERENCIA,21
426,DEFENSA INTEGRAL DE LA PATRIA,441
427,SEGURIDAD Y DEFENSA DE LA NACION,1337
428,PRODUCCION AGROALIMENTARIA,441
429,GERENCIA DE SEGURIDAD Y CONFIABILIDAD INDUSTRIAL,993
430,EDUCACION ESPECIAL,517
431,CIENCIAS SOCIALES AREA HISTORIA,517
432,EDUCACION FISICA,567
433,MECANICA Y PLANTAS NAVALES,257
434,EPIDEMIOLOGIA,49
435,ESTUDIOS CULTURALES,270
436,GESTION PUBLICA,441
437,MANTENIMIENTO ELECTRICO,1029
438,ADMINISTRACION DE HOSPITALES,43
439,MERCADEO,21
440,INDUSTRIAL,21
441,MERCADOTECNIA,7
442,PUBLICIDAD,1254
443,ADMINISTRACION Y GESTION PUBLICA,268
444,DERECHOS HUMANOS,1750
445,PSICOLOGIA INTEGRAL,1750
446,CONSEJERIA PASTORAL,1750
447,EDUCACION INTERCULTURAL BILINGUE,1483
448,EDAFOLOGIA,83
449,ADMINISTRACION EDUCATIVA,220
450,BANCA Y FINANZAS,21
451,COSTOS,337
452,ADMINISTRACION Y SEGUROS,441
453,AVIACION PLANTAS NAVALES,280
454,LENGUA Y LITERATURA,1483
455,MANTENIENDO AERONAUTICO,1022
456,INTELIGENCIA,275
457,COMUNICACIONES,253
458,TELECOMUNICACIONES,592
459,ENERGIA Y AMBIENTE,170
460,ELECTRICIDAD,1159
461,POLITICAS PUBLICAS,441
462,GESTION TURISTICA,1779
463,EJECUCION INSTRUMENTAL TROMPETA,1273
464,DIRECCION ORQUESTAL,1273
465,GESTION COMUNAL,441
466,ACTUACION,1660
467,AGROECOLOGIA Y PAISAJISMO,441
468,LENGUA DE SENAS,1337
469,LENGUA LITERATURA Y LATIN,538
470,EDUCACION PARA LA SALUD DE LOS TRABAJADORES,1605
471,GESTION EN SEGURIDAD CIUDADANA,441
472,AUDITORIA,337
473,GESTION URBANA,451
474,SOCIOPRODUCTIVIDAD,441
475,DERECHOS HUMANOS,1337
476,ZOOTECNIA,1725
477,QUIMICA,200
478,PINTURA,135
479,PRODUCCION DE AUDIOVISUALES,131
480,FABRICACION MECANICA,1187
481,ELECTRICIDAD INDUSTRIAL,1483
482,ELECTRONICA INDUSTRIAL,441
483,POTENCIA INDUSTRIAL,592
484,ELECTRONICA INDUSTRIAL,1029
485,INFORMATICA,1029
486,ELECTRONICA,274
487,EDUCACION ESPECIAL EN DEFICIENCIAS AUDITIVAS,1483
488,ENSENANZA DE LA GEOGRAFIA,517
489,SEGURIDAD Y DEFENSA DE LA NACION,441
490,ELECTRONICA,1029
491,RENTAS,238
492,ENSENANZA DE LA MATEMATICA,1180
493,ENFERMERIA,274
494,TRANSPORTE,274
495,CONSTRUCCION CIVIL,274
496,DOCENCIA EN MATEMATICA,517
497,INFORMATICA,274
498,PRODUCCION INDUSTRIAL,274
499,EFICIENCIA ENERGETICA Y ENERGIAS ALTERNATIVAS,618
500,SEGURIDAD INDUSTRIAL,1029
501,INGLES,1337
502,MANTENIMIENTO Y OPERACIONES EN REFINERIAS PETROLERAS,1029
503,SEGURIDAD INDUSTRIAL E HIGIENE LABORAL,1029
504,OPERACION EN PLANTAS INDUSTRIALES,441
505,PROCESOS DE APRENDIZAJE,517
506,PROCESOS QUIMICOS,1029
507,SEGURIDAD DE LOS PROCESOS INDUSTRIALES,1029
508,CIENCIAS DE LA SALUD,517
509,SOCIOPOLITICA,441
510,ORGANIZACION Y METODOS,7
511,ELECTRICIDAD,1176
512,GESTION EMPRESARIAL,1029
513,ADMINISTRACION COMERCIAL,67
514,MANTENIMIENTO MECANICO INDUSTRIAL,1029
515,CONTABILIDAD Y FINANZAS,67
516,DISENO DE SISTEMAS MECANICAS,1187
517,DISENO DE SISTEMAS MECANICOS,1187
518,FISIOTERAPIA,274
519,ADMINISTRACION TRIBUTARIA Y RELACIONES PUBLICAS,441
520,COMERCIO INTERNACIONAL,441
521,PRESUPUESTO,7
522,INTENDENCIA,274
523,LOGISTICA,274
524,GEOQUIMICA,200
525,REFINACION DE PETROLEO,1029
526,MANTENIMIENTO E INSTRUMENTACION INDUSTRIAL,441
527,DOCENCIA EN PREESCOLAR,517
528,CURRICULO,517
529,EMPRESARIAL,752
530,OPERACION DE PLANTAS INDUSTRIALES,441
531,DISENO GRAFICO DIGITAL,441
532,QUIMICA,441
533,PROMOCION DE LA SALUD,441
534,PROCESOS,1624
535,ADMINISTRACION DE RECURSOS FISICOS Y FINANCIEROS,274
536,RECURSOS HUMANOS,21
537,TRANSPORTE MULTIMODAL DE PERSONAS,441
538,GERENCIA PUBLICA,7
539,GERENCIA ESTRATEGICA,7
540,FABRICACION,1187
541,LOGISTICA,257
542,SEGURIDAD Y PROTECCION DE ALTAS PERSONALIDADES,1337
543,PROCESOS INDUSTRIALES,441
544,ESTADISTICA,441
545,INMUNOLOGIA EXPERIMENTAL,1094
546,GESTION AVALUATORIA URBANA,187
547,DOCENCIA UNIVERSITARIA,221
548,TEORIA DE LA ARGUMENTACION,718
549,ADMINISTRACION DE GESTION ADUANERA Y TRIBUTARIA,441
550,METALURGICA,441
551,METALURGICA,1029
552,SEGURIDAD,916
553,ADMINISTRACION Y GESTION DE PERSONAL,441
554,PROTECCION Y DERECHOS HUMANOS,1337
555,MONTAJE Y POSTPRODUCCION,131
556,ADMINISTRACION DE PERSONAL,441
557,ARTES DEL DISENO,135
558,MERCADEO Y PUBLICIDAD,67
559,ORGANIZACION Y SISTEMAS,21
560,INSTRUMENTACION INDUSTRIAL,1029
561,GESTION PORTUARIA,441
562,VOLEIBOL,649
563,ELECTRONICA,592
564,PROCESOS ADMINISTRATIVOS,1337
565,PROPIEDAD INTELECTUAL E INDICACIONES GEOGRAFICAS,441
566,ESTRATEGIAS DE APRENDIZAJE,517
567,GESTION ORGANIZACIONAL FINANCIERA,441
568,ADMINISTRACION DE RECURSOS MATERIALES Y FINANCIEROS,441
569,GEOGRAFIA HISTORIA Y CIUDADANIA,1337
570,TERAPIAS ALTERNATIVAS BIOMAGNETISMO HOLISTICO Y BIOENERGETICA INTEGRAL,441
571,SERVICIOS INDUSTRIALES,1029
572,GESTION SOCIAL Y DIRECCION COLECTIVA,441
573,SISTEMAS DE SEGURIDAD,1728
574,ARTES ESCENICAS,1337
575,MUSICA,573
576,ADMINISTRACION Y CONTADURIA,441
577,EMPRESAS PETROLERAS,7
578,DROGAS,916
579,GERENCIA DE MERCADEO,766
580,ESTADISTICA DE LA SALUD,441
581,CIENCIAS SOCIALES MENCION GEOGRAFIA,1483
582,ADMINISTRACION,277
583,INFANTERIA,274
584,MECANICA AERONAUTICA,274
585,ESPANOL Y LITERATURA,517
586,TECNOLOGIA POLICIAL,274
587,SECRETARIADO ADMINISTRATIVO,7
588,GERENCIA EDUCACIONAL,517
589,INICIAL,517
590,GESTION DE PROCESOS ADMINISTRACION,441
591,MEDICINA DEL TRABAJO,1605
592,EJECUCION INSTRUMENTAL PERCUSION,1273
593,COMUNICACION SOCIAL,441
594,EJECUCION INSTRUMENTAL VIOLIN,1273
595,EJECUCION INSTRUMENTAL CLARINETE,1273
596,DEFENSA AEROESPACIAL INTEGRAL,253
597,ENSENANZA DE LA QUIMICA,517
598,ELECTRICIDAD Y MANTENIMIENTO,1029
599,CONTRAINTELIGENCIA MILITAR,274
600,VENTAS,1254
601,EJECUCION INSTRUMENTAL GUITARRA POPULAR,1273
602,DESARROLLO CULTURAL,1337
603,ECONOMIA SOCIAL,441
604,PROMOCION Y DIVULGACION DE DERECHOS HUMANOS,441
605,ARTES GRAFICAS,135
606,INGENIERIA,274
607,ENSENANZA DE LA BIOLOGIA,517
608,SISTEMAS,1078
609,TELECOMUNICACIONES,1078
610,INGLES COMO LENGUA EXTRANJERA,1483
611,PRODUCCION INDUSTRIAL,253
612,MANEJO DE EMERGENCIAS Y DESASTRES,1337
613,INVESTIGACION PENAL,253
614,GEODESIA,1078
615,MECANICA DE PRODUCCION,441
616,OPERACIONES INDUSTRIALES,441
617,TRANSPORTE,253
618,IDIOMAS EXTRANJEROS INGLES FRANCES,517
619,DISENO GRAFICO COMPUTARIZADO,441
620,ESTETICA Y BELLEZA INTEGRAL,1337
621,MECANICA DE PRODUCCION,1029
622,POLICIA MILITAR,253
623,ANALISIS Y SISTEMATIZACION DE PROCESOS EXPERIMENTALES,1029
624,EVALUACION EDUCACIONAL,517
625,ODONTOLOGIA RESTAURADORA Y ESTETICA,258
626,LECTURA Y ESCRITURA,220
627,CUBIERTA,280
628,CONSTRUCCION,1078
629,LETRAS,517
630,FORMACION Y ORGANIZACION COMUNAL,1337
631,EDUCACION PRIMARIA,1483
632,ARMAMENTO,1078
633,ANALISIS Y SISTEMATIZACION DE PROCESOS EXPERIMENTALES,441
634,PRODUCCION AGROALIMENTARIA,1029
635,INFORMATICA Y REDES,441
636,GERENCIA DE FINANZAS,7
637,HISTORIA NUESTROAMERICANA,1337
638,PLANIFICACION Y SUPERVISION DE OBRAS CIVILES,1029
639,ELECTRONICA,1078
640,INFORMATICA,542
641,ADMINISTRACION DE BIENES NACIONALES,441
642,EDUCACION INTEGRAL,441
643,MATEMATICAS,1337
644,BANCA Y FINANZAS,441
645,ECONOMIA AGRICOLA,447
646,TRANSPORTE Y SEGURIDAD VIAL,441
647,PLANIFICACION Y DESARROLLO DE LOS RECURSOS HIDRAULICOS,438
648,TERAPIAS MANUALES,1275
649,TRANSPORTE,300
650,ELECTRONICA AERONAUTICA,253
651,RESIDENCIA EN IMPLANTES DENTALES,1301
652,RECURSOS PARA EL APRENDIZAJE,1337
653,SEGURIDAD INTEGRAL,441
654,DEFENSA AEROESPACIAL INTEGRAL,274
655,DOCENCIA EN MATEMATICAS,517
656,MANTENIMIENTO,1029
657,CASTELLANO Y LITERATURA,1337
658,MUSICA,576
659,ARTILLERIA DE CAMPANA,274
660,FONOAUDIOLOGIA,1337
661,BIOLOGIA,648
662,ADMINISTRACION BANCARIA Y FINANCIERA,441
663,GESTION DE MEDIOS Y PRODUCCION AUDIOVISUAL,441
664,RETARDO MENTAL Y DIFICULTADES DEL APRENDIZAJE,544
665,EJECUCION INSTRUMENTAL,1273
666,MERCADEO Y PUBLICIDAD,441
667,DOCENCIA EN EDUCACION PREESCOLAR,517
668,GESTION DE POLITICAS PUBLICAS,441
669,ADMINISTRACION DE ADUANAS Y TRIBUTOS,441
670,MATEMATICA Y FISICA,1337
671,EDUCACION ESPECIAL ANDRAGOGICA,1337
672,GUIA DE ALTA MONTANA Y RESCATE,1337
673,SEGURIDAD ALIMENTARIA Y PRODUCCION DE CAFE,441
674,EDUCACION PROPIA DE LOS PUEBLOS INDIGENAS,1337
675,SUPERVISION EN PROCESOS DE CONTROL MICROBIOLOGICOS,1029
676,DANZAS TRADICIONALES VENEZOLANAS,576
677,EDIFICACIONES,328
678,DISENO DIGITAL,441
679,EDUCACION BILINGUE,1337
680,INFORMATICA Y SISTEMAS,1029
681,FINANZAS,441
682,BIBLIOTECOLOGIA,1337
683,TRANSPORTE TERRESTRE,441
684,INSPECTOR DE SALUD,441
685,PROCESOS DE ENSENANZA Y APRENDIZAJE,220
686,TRABAJO SOCIAL,1337
687,ALIMENTOS PROCESOS MICROBIOLOGICOS,1029
688,CIENCIAS NATURALES MATEMATICA Y TECNOLOGIA,517
689,POLITICA SOCIAL,1369
690,FINANZAS PUBLICAS,238
691,BIOLOGIA,1337
692,COMUNICACIONES,274
693,PRODUCCION AUDIOVISUAL,1337
694,INTERPRETACION Y TRADUCCION DE LENGUA DE SENAS VENEZOLANA,1337
695,OPERACIONES,280
696,MECANICA DENTAL,441
697,CIENCIAS NATURALES,1337
698,GERENCIA Y PRODUCCION TEATRAL,1660
699,LITERATURA,1337
700,ANALISIS FISICO QUIMICO DE PRODUCTOS ORGANICOS E INORGANICOS,1029
701,EDUCACION ESPECIAL PARA PERSONAS CON DISCAPACIDAD INTELECTUAL Y DEL DESARROLLO,1483
702,ADMINISTRACION Y GESTION PUBLICA,441
703,DIVERSIDAD E INTEGRACION,1337
704,OPERACION DE SISTEMAS ELECTRICOS DE POTENCIA,618
705,OPERACIONES INDUSTRIALES,1029
706,SEGURIDAD INDUSTRIAL,441
707,PLANTAS NAVALES,257
708,OPERACION Y PRODUCCION,752
709,GERENCIA DE MERCADEO,7
710,EDUCACION ESPECIAL PARA PERSONAS EN SITUACION DE DISCAPACIDAD,1483
711,GERONTOLOGIA,1337
712,GESTION Y DESARROLLO CULTURAL,441
713,LENGUAS EXTRANJERAS,1483
714,CASTELLANO,1337
715,ADMINISTRACION COMERCIAL,441
716,ADMINISTRACION Y FINANZAS PUBLICAS,441
717,ADMINISTRACION DE EMERGENCIAS Y DESASTRES,441
718,SEGURIDAD Y CIUDADANIA,441
719,LENGUA CULTURA E IDIOMAS,517
720,DESARROLLO TECNOLOGICO,441
721,GERENCIA,202
722,GERENCIA Y LIDERAZGO,517
723,CABALLERIA Y BLINDADOS,274
724,LENGUA,567
725,PROCESOS ADMINISTRATIVOS INTEGRALES,441
726,GESTION EN SEGURIDAD Y SALUD EN EL TRABAJO,1337
727,ELECTROMECANICA,592
728,ADMINISTRACION DE SISTEMAS INFORMATICOS,441
729,ARTISTICA CULTURAL,1337
730,GESTION DE PRODUCCION,752
731,CULTURA SORDA,1337
732,RECURSOS DIDACTICOS PARA EL APRENDIZAJE,1337
733,TERAPIA DE LA CONDUCTA,200
734,AGRARIA,752
735,MANTENIMIENTO INDUSTRIAL,441
736,CANTO POPULAR,1273
737,GESTION ADMINISTRATIVA INTEGRAL,441
738,ARTES PLASTICAS,128
739,GERENCIA,7
740,CABALLERIA Y BLINDADO,277
741,SISTEMAS DE BALIZAJE,1029
742,SALUD MENTAL,1337
743,INSTALACIONES MARINAS,1178
744,INSTALACIONES ELECTRICAS,592
745,EDUCACION MUSICAL,1337
746,INSTALACIONES MARINAS,1073
747,CINEMATOGRAFIA,131
748,EDUCACION ESPECIAL,1337
749,ADMINISTRACION DE RECURSOS HUMANOS Y NOMINA,441
750,ACERVO CULTURAL Y GENTILICIO ROQUENO,1337
751,ADMINISTRACION DE LA PRODUCCION,202
752,GESTION Y PRODUCCION CULTURAL EN DANZA,364
753,ADMINISTRACION EN GERENCIA UNIVERSITARIA,441
754,ADMINISTRACION EN SERVICIOS GENERALES,441
755,PEDIATRICA,1758
756,PREVENCION DEL DELITO,441
757,DISENO ARQUITECTONICO,441
758,COMUNICACION E INFORMACION,441
759,PRODUCCION MUSICAL,1273
760,CONTABILIDAD DE COSTOS,7
761,FORMACION CIUDADANA,441
762,TRANSPORTE,985
763,DANZAS TRADICIONALES VENEZOLANAS,364
764,FINANCIERA,752
765,BIOLOGIA,1508
766,INFORMATICA Y SISTEMA,441
767,DESARROLLO DE SOFTWARE,441
768,ARTES VISUALES,1337
769,GESTION DEL TALENTO HUMANO,441
770,DESARROLLO FISICO Y DEPORTIVO,1337
771,BIOLOGIA,1483
772,ARTES MANUALES Y DIGITALES,1337
773,GERENCIA TRIBUTARIA,67
774,ADMINISTRACION DE ALMACENES,441
775,METEOROLOGIA,253
776,CONTADURIA PUBLICA,441
777,MECANICA INDUSTRIAL,1337
778,GERENCIA COMERCIALES,7
779,GESTION ADMINISTRATIVA,1337
780,GESTION SOCIOPOLITICA,441
781,INGENIERIA CIVIL,441
782,RECURSOS HUMANOS,441
783,COMERCIO EXTERIOR,441
784,TECNOLOGIA DE ALIMENTOS,1726
785,EJECUCION INSTRUMENTAL GUITARRA SOLISTA SINFONICO,1273
786,DINAMICA Y PROCESOS DE APRENDIZAJE EN EDUCACION PRIMARIA,1337
787,COMERCIO INTERNACIONAL,7
788,ESPACIOS INTERIORES,470
789,GERENCIA CULTURAL,1337
790,COMUNICACION ALTERNATIVA,1337
791,TALENTO HUMANO,1337
792,TURISMO SOCIAL,1337
793,CONTRALORIA SOCIAL,1337
794,GESTION DEL TALENTO HUMANO EN ORGANIZACIONES,441
795,COMERCIO INTERNACIONAL,79
796,HIDROCARBUROS,7
797,DIBUJO TECNICO,1483
798,PLANIFICACION GLOBAL,1369
799,INVESTIGACION DE MERCADO,1254
800,TRANSPORTE,7
801,INSPECCION DE EQUIPOS,1160
802,LOGISTICA Y MOVILIZACION,441
803,INGENIERIA CIVIL,1029
804,PERSONAL,7
805,EDUCACION ESPECIAL CON DISCAPACIDAD INTELECTUAL Y DEL DESARROLLO,1483
806,SEGURIDAD,253
807,DISENO DE EXTERIORES E INTERIORES,441
808,MANTENIMIENTO DE VIAS FERREAS,1160
809,DIDACTICA Y PROCESOS DE APRENDIZAJE EN EDUCACION PRIMARIA,1337
810,INFORMATICA,1337
811,INGENIERIA MILITAR,277
812,GESTION Y POLITICA CULTURAL,1337
813,INSPECCION DE EQUIPOS,1176
814,CONSTRUCCION CIVIL,441
815,INGENIERIA EN SISTEMAS,1029
816,PETROLEO,925
817,ADMINISTRACION Y GESTION DEL TALENTO HUMANO,441
818,ARTILLERIA DE CAMPANA,277
819,OPERACIONES DE GUERRA ELECTRONICA,274
820,RESGUARDO NACIONAL,916
821,ADMINISTRACION FINANCIERA,274
822,CIENCIAS ADMINISTRATIVAS,7
823,PLANIFICACION PUBLICA Y POPULAR,441
824,GERENCIA DE PLANIFICACION ESTRATEGICA,441
825,ADMINISTRACION DE RECURSOS FINANCIEROS,253
826,PRODUCCION VEGETAL,83
827,HOTELERIA,1779
828,ADMINISTRACION EN GESTION PUBLICA,441
829,EDUCACION EN LA DIVERSIDAD E INTEGRACION,1337
830,FABRICACION,1722
831,TEOLOGIA,1337
832,PRENSA ESCRITA,441
833,EDUCACION,277
834,GESTION DE PROGRAMAS SOCIALES,441
835,INGENIERIA EN CONSTRUCCION CIVIL,274
836,FILOSOFIA,1337
837,TECNOLOGIAS DE LA INFORMACION Y COMUNICACION,441
838,INFANTERIA DE MARINA OPERACIONES,280
839,NAUTICA OPERACIONES,280
840,INFANTERIA DE MARINA LOGISTICA,280
841,MODELOS EDUCATIVOS PARA FORMACION SOCIOPRODUCTIVA,1337
842,ADMINISTRACION DE GESTION FINANCIERA,441
843,DISENO DE ROPA,474
844,ADMINISTRACION Y GESTION ESCOLAR,893
845,ECLESIOLOGIA,1750
846,OPERACIONES AEREAS,275
847,ADMINISTRACION Y COMERCIO EXTERIOR,441
848,PSICOLOGIA COMUNITARIA,1337
849,ELECTRICIDAD,253
850,GEOPOLITICA,1337
851,AVIACION OPERACIONES,280
852,SEGURIDAD INTEGRAL Y CONTROL DE RIESGO,441
853,DEFENSA INTEGRAL DE LA NACION,441
854,REDES DE DISTRIBUCION ELECTRICA,618
855,SALUD PUBLICA,1222
856,MEMORIA Y PATRIMONIO HISTORICO,1337
857,GUARDERIA AMBIENTAL,916
858,GESTION POLITICAS PUBLICAS,441
859,CIENCIAS POLITICAS,269
860,PUBLICIDAD Y MERCADEO,7
861,ASISTENCIA GERENCIAL,7
862,HIDROGRAFIA Y NAVEGACION,253
863,ORIENTACION JUVENIL,1750
864,EDUCACION INFORMATICA Y TELECOMUNICACIONES,1337
865,INFORMATICA Y PRODUCCION DE AUDIOVISUALES,1029
866,FOTOGRAFIA,135
867,TECNOLOGIA DE LA INFORMACION Y LA COMUNICACION,517
868,ENSENANZA DEL INGLES COMO LENGUA EXTRANJERA,517
869,PRODUCCION,1545
870,EJECUCION INSTRUMENTAL PERCUSION AFROVENEZOLANA Y AFROCARIBENA POPULAR,1273
871,GESTION Y ADMINISTRACION DE PROCESOS ELECTORALES,441
872,EDUCACION MEDIA,1337
873,AVIACION DEL EJERCITO,277
874,GESTION EN SERVICIOS GENERALES,441
875,PLANTAS NAVALES,280
876,RECURSOS MINERALES,1570
877,EDUCACION SUPERIOR,645
878,ENSENANZA DE LA HISTORIA,517
879,ESTETICA,128
880,MANTENIMIENTO AERONAUTICO,1029
881,MANTENIMIENTO AERONAUTICO,441
882,ATENCION DE LA SALUD,441
883,MECANICA,441
884,INSTRUMENTACION Y CONTROL,592
885,ARTES PLASTICAS,576
886,COMUNICACIONES MILITARES,277
887,MECANICA INDUSTRIAL,1029
888,GESTION INTEGRAL DE AREAS NATURALES PROTEGIDAS,441
889,GESTION DE TRIPULACION DE MANDO,80
890,OPERACIONES HELITRANSPORTADAS,1337
891,DISENO DE POLITICAS,517
892,PLANIFICACION Y ADMINISTRACION DEL DEPORTE,220
893,RADIOCOMUNICACIONES AERONAUTICAS,80
894,TEATRO,573
895,TEATRO,576
896,ORGANIZACION COMUNITARIA,441
897,GESTION EN ADMINISTRACION EN CONTROL DE CALIDAD,441
898,MATEMATICA,1500
899,GESTION Y ADMINISTRACION PUBLICA,441
900,GESTION AGROECOLOGIA,441
901,COMUNICACION Y LENGUAJE,1337
902,GESTION MUNICIPAL,441
903,ALIMENTOS,1029
904,PROCESOS LEGISLATIVOS EN SALUD PUBLICA,441
905,RELACIONES PUBLICAS,441
906,EJECUCION INSTRUMENTAL VIOLA,1273
907,PROCESOS LEGISLATIVOS EN SEGURIDAD INTEGRAL,441
908,PROCESOS LEGISLATIVOS EN GESTION DEL TALENTO HUMANO EN ORGANIZACIONES,441
909,PEDAGOGIA RELIGIOSA,1337
910,PROCESOS LEGISLATIVOS EN PREVENCION DEL DELITO,441
911,DESARROLLO RURAL,441
912,CREATIVO,478
913,DIRECCION TEATRAL,1660
914,ARTES ESCENICAS,1483
915,CANTO LIRICO,1273
916,HERPETOLOGIA,1337
917,ADMINISTRACION Y GESTION BANCARIA,441
918,CONTADURIA PUBLICA,7
919,GESTION PORTUARIA,305
920,ADMINISTRACION Y GESTION DE POLITICAS PUBLICAS,441
921,ADUANA,441
922,ENSENANZA DE LA SEGURIDAD Y DEFENSA DE LA NACION,1337
923,EDUCACION ANDRAGOGIA PARA EL PROCESO SOCIAL DE TRABAJO,1337
924,SISTEMAS INFORMATICOS DE RECURSO EMPRESARIAL,441
925,GASTRONOMIA,441
926,PROCESOS LEGISLATIVOS EN ADMINISTRACION Y SISTEMA ORGANIZATIVO,441
927,PENSAMIENTO LATINOAMERICANO,718
928,PROCESOS LEGISLATIVOS EN SISTEMAS INFORMATICOS DE RECURSO EMPRESARIAL,441
929,QUIMICA,1337
930,ADMINISTRACION PUBLICA,441
931,PROCESOS LEGISLATIVOS EN TURISMO ACCESIBLE,441
932,EJECUCION INSTRUMENTAL FLAUTA,1273
933,PROCESOS LEGISLATIVOS EN GESTION PARA LA SEGURIDAD DE ACTIVOS DE LA INFORMACION,441
934,ADMINISTRACION Y DESPACHO,441
935,GUIATURA TURITICA,1779
936,GESTION ARCHIVOLOGIA,441
937,COMPOSICION,1273
938,GESTION HUMANA,441
939,PROCESOS LEGISLATIVOS EN CEREMONIAL Y PROTOCOLO,441
940,SALUD INTEGRAL,441
941,ELECTRONICA,257
942,EDUCACION MUSICAL,1273
943,GERENCIA ADMINISTRATIVA,441
944,ARTES ESCENICAS,441
945,SISTEMAS,441
946,MODELOS EDUCATIVOS PARA LA FORMACION,1337
947,PROCESOS LEGISLATIVOS EN ADIESTRAMIENTO CANINO,441
948,SISTEMAS,1029
949,TRABAJO COMUNITARIO,441
950,ELECTRICISTA,441
951,DESECHOS SOLIDOS,441
952,TECNICO,478
953,CIENCIAS SOCIALES,718
954,GESTION EN ADMINISTRACION DE CONTROL DE CALIDAD,441
955,ADMINISTRACION DE GESTION FINANCIERA Y BANCARIA,441
956,ENSENANZA DEL CASTELLANO,517
957,ADMINISTRACION FINANCIERA Y BANCARIA,441
958,ARTES PLASTICAS,1483
959,PROCESO,1069
960,DERECHO INTERNACIONAL HUMANITARIO,405
961,PROCESOS LEGISLATIVOS EN GESTION ADMINISTRATIVA,441
962,EJECUTOR DE OBRAS,441
963,DESARROLLO DE SOFTWARE,1638
964,COCINA PROFESIONAL,441
965,PROCESOS LEGISLATIVOS EN GESTION PUBLICA,441
966,HIGIENE Y SEGURIDAD LABORAL,441
967,ADMINISTRACION GENERAL Y FINANCIERA,441
968,COMUNICACION POLITICA,1337
969,GESTION Y PROMOCION CULTURAL,441
970,DOCENCIA EN AGROPECUARIA,517
971,GESTION MERCADEO Y VENTAS,441
972,LOGISTICA Y DISTRIBUCION DE ALIMENTOS,441
973,COMUNICACION POLITICA,441
974,CIENCIAS DE LA TIERRA,1483
975,LOGISTICA DISTRIBUCION Y CALIDAD ALIMENTARIA,441
976,NEGOCIO MARITIMO,305
977,ADMINISTRACION GENERAL FINANCIERA,441
978,CERAMICA,1706
979,FORMACION Y COMUNICACION,1337
980,GESTION ADMINISTRATIVA Y SEGURIDAD DE INSTALACIONES,441
981,GERENCIA GENERAL,7
982,DEPORTE Y RECREACION,1337
983,ADMINISTRACION,1337
984,SEGURIDAD AEROPORTUARIA,441
985,GOBERNABILIDAD,195
986,ARTILLERIA,277
987,INTERPRETE DE DANZA CLASICA,364
988,COMUNICACION,1337
989,EDUCACION BASICA MEDIA DIVERSIFICADA Y PROFESIONAL,645
990,COMUNICACION SOCIAL,1337
991,TRANSITO AEREO,253
992,MANTENIMIENTO INDUSTRIAL,322
993,ELECTRONICA PARA LA SEGURIDAD DEL TRANSITO AEREO,80
994,ARTE Y LITERATURA,1337
995,CONTABILIDAD,1337
996,DOCUMENTACION Y ARCHIVO,441
997,CONTADURIA,441
998,SISTEMAS INFORMATICOS,1029
999,DERECHO MARITIMO,305
1000,CASTELLANO LITERATURA Y LATIN,1483
1001,EDUCACION FISICA Y DEPORTE,1337
1002,INSTRUCCION CANINA,1337
1003,EDUCACION,1337
1004,PROCESOS LEGISLATIVOS EN TURISMO ALTERNATIVO,441
1005,SEGURIDAD LABORAL,441
1006,DANZA TRADICIONAL,1337
1007,EDUCACION INFORMATICA,1484
1008,ADMINISTRACION Y GESTION GERENCIAL,441
1009,RECURSOS FINANCIEROS,441
1010,LOGISTICA,275
1011,CONTROL DE PROCESOS INDUSTRIALES,592
1012,PROCESOS LOGICOS Y PRODUCTIVOS,441
1013,GERENCIA,200
1014,CRIMINALISTICA,441
1015,PROCESOS,963
1016,GERENCIA PUBLICA Y ADMINISTRACION,441
1017,DISENO GRAFICO,441
1018,MANTENIMIENTO INDUSTRIALES,454
1019,ADMINISTRACION TRIBUTARIA,441
1020,TRIBUTOS,441
1021,DIFICULTADES EN EL APRENDIZAJE,544
1022,FISICA,200
1023,INDUSTRIAL,1029
1024,FINANZAS,202
1025,DE QUIMICA Y CIENCIA GENERAL,1509
1026,PROCESOS ADMINISTRATIVOS,441
1027,PLANIFICACION Y EVALUACION DE LA EDUCACION,668
1028,ADMINISTRACION SISTEMAS,441
1029,LOGISTICA,277
1030,INVESTIGACION PENAL,441
1031,DISENO DE ARTES GRAFICAS Y AUDIOVISUALES,441
1032,TECNICAS JURIDICAS,441
1033,CIBERSEGURIDAD Y CIBERINTELIGENCIA,1340
1034,ALIMENTOS,441
1035,COMPUTACION,441
1036,ELECTRONICA Y PROCESOS INDUSTRIALES,441
1037,INDUSTRIAL,441
1038,INFORMATICA Y DISENO DE WEB,441
1039,INFORMATICA Y TELEMATICA,441
1040,INGENIERIA EN SISTEMAS,441
1041,MANTENIMIENTO,441
1042,MANTENIMIENTO ELECTRICO,441
1043,MECANICA AERONAUTICA,441
1044,MECANICA INDUSTRIAL,441
1045,MECANICA Y MANTENIMIENTO INDUSTRIAL,441
1046,OPRERADOR DE SISTEMAS,441
1047,PROCESOS BIOTECNOLOGICOS,441
1048,REDES ELECTRICAS,441
1049,SEGURIDAD INDUSTRIAL Y DEFENSA DE LA NACION,441
1050,SISTEMAS INFORMATICOS,441
1051,SISTEMAS Y TICS,441
1052,TECNOLOGIA APROPIADA Y MANTENIMIENTO INDUSTRIAL,441
1053,ELECTRICIDAD Y MANTENIMIENTO,441
1054,RELACIONES INDUSTRIALES,441
1055,GERENCIA EDUCATIVA,441
1056,PRESUPUESTO PUBLICO,441
1057,SERVICIOS Y MANTENIMIENTO,441
1058,GESTION DE OBRAS CIVILES,441
1059,ADMINISTRACION AGRICOLA,441
1060,ADMINISTRACON CONTABLE,441
1061,ADMINISTRACION CONTABLE FINANCIERA,441
1062,ADMINISTRACION DE VENTAS,441
1063,ADMINISTRACION DE DESASTRES Y CONTROL DE GESTION,441
1064,ADMNISTRACION DE LA GESTION ADUANERA Y TRIBUTARIA,441
1065,ADMINISTRACION DE LA PRODUCCION INDUSTRIAL,441
1066,ADMINISTRACION DE RECURSOS HUMANOS RECLUTAMIENTO Y SELECCION DE PERSONAL,441
1067,ADMINISTRACION DE RIESGO Y SEGUROS,441
1068,ADMINITRACION DE SERVICIOS GENERALES,441
1069,ADMINISTRACION DE GERENCIA,441
1070,ADMINISTRACION EN GERENIA UNIVERSITARIA,441
1071,ADMINISTRACION DE GESTION PUBLICA,441
1072,ADMINISTRACION EN MERCADEO,441
1073,ADMINISTRACION EN RECURSOS HUMANOS,441
1074,ADMINISTRACION ESCOLAR,441
1075,AMINISTRACION FINANCIERA Y BANCARIA,441
1076,ADMINISTRACION RECURSOS HUMANOS,441
1077,ADMINISTRACION TURISTICA Y HOTELERA,441
1078,ADMINISTRACION Y FINANZAS,441
1079,ADMINISTRACION Y FINANCIERA,441
1080,ADMINISTRACION Y GESTION ADUANERA Y TRIBUTARIA,441
1081,ADMINISTRACION Y GESTION FINANCIERA,441
1082,ADMINISTRACION Y SEGURIDAD FISICA,441
1083,ADMINISTRACION Y SEGURO,441
1084,AGRICULTURA,441
1085,ANALISIS DE PROCESOS Y SISTEMAS INFORMATICOS,441
1086,ARTE Y LITERATURA,441
1087,ARTES GRAFICAS Y LITOGRAFIA,441
1088,ARTES MUSICALES,441
1089,ASISTENCIA Y DEFENSA JURIDICA INTEGRAL,441
1090,ASISTENTE DE FARMACIA,441
1091,ASISTENTE DE LABORATORIO,441
1092,AUDITORIA INTERNA,441
1093,BIENESTAR SOCIAL,441
1094,CAFICULTURA,441
1095,CASTELLANO Y LITERATURA,441
1096,CIENCIAS POLITICAS,441
1097,COMERCIALIZACION Y LOGISTICA,441
1098,COMUNICACION ALTERNATIVA,441
1099,COMUNICACION Y LENGUAJE,441
1100,CONSTRUCCION,441
1101,CONTABILIDAD,441
1102,CONTROL DE CALIDAD,441
1103,COOPERADOR EN LABORATORIO,441
1104,COOPERADOR DE LABORATORIO,441
1105,CUIDADOS GERERIATRICOS Y GERONTOLOGICOS,441
1106,CULTURA SORDA,441
1107,CULTURA Y ARTE,441
1108,DANZA,441
1109,DANZA TRADICIONAL,441
1110,DANZAS,441
1111,DEFENZA INTEGRAL DE LA PATRIA,441
1112,DEPORTE,441
1113,DERECHOS DE LA MUJER Y EQUIDAD DE GENERO,441
1114,DERECHOS HUMANOS,441
1115,DESARROLLO AGRICOLA,441
1116,DESARROLLO CULTURAL,441
1117,DESARROLLO ORGANIZACIONAL,441
1118,RADIOFUSION,441
1119,DESARROLLO TURISTICO Y CULTURAL,441
1120,DIFUSION CULTURAL,441
1121,ADMINISTRACION Y SEGURIDAD INDUSTRIAL,441
1122,ECONOMIA POPULAR,441
1123,EDUCACION BASICA,441
1124,EDUCACION DE ADULTOS,441
1125,EDUACACION ADULTOS,441
1126,EDUCACION ESPECIAL,441
1127,EDUCACION INFORMATICA Y TELECOMUNICACIONES,441
1128,EDUCACION INICIAL,441
1129,EDUCACION INTERCULTURAL BILIGUE,441
1130,EDUCACION POPULAR,441
1131,EDUCACION PREESCOLAR,441
1132,ELECTRONICA,441
1133,EMERGENCIA HOSPITALARIA,441
1134,EMFERMERIA,441
1135,EMPRESAS TURISTICAS,441
1136,ENSENANZA DE LA SEGURIDAD Y DEFENSA DE LA NACION,441
1137,ENSENANZA DE AJEDREZ,441
1138,ESTUDIOS POLITICOS,441
1139,FILOSOFIA,441
1140,FISIOTERAPIA,441
1141,FORMACION SOCIOPOLITICA,441
1142,FORMACION PROFESIONAL,441
1143,GASTRONOMIA NACIONALE INTERNACIONAL,441
1144,GASTRONOMIA VENEZOLANA,441
1145,GEOGRAFIA HISTORIA Y CIUDADANIA,441
1146,GERENCIA AL SERVICIO DE ADUANAS,441
1147,GERENCIA DE SERVICIO AL PUEBLO,441
1148,GERENCIA EMPRESARIAL,441
1149,GERENCIA EN ADMINISTRACION,441
1150,GERENCIA EN SALUD,441
1151,GERENCIA ESTRATEGICA EN COMUNICACION Y TURISMO,441
1152,GERENCIA FINANCIERA,441
1153,GERENCIA ORGANIZACIONAL,441
1154,GERENCIA PUBLICA,441
1155,GERENCIA PUBLICA Y ADMINISTRATIVA,441
1156,GERENCIA TECNOLOGICA,441
1157,GERENCIA UNIVERSITARIA,441
1158,GERONTOLOGIA,441
1159,GESTIOS ADMINISTRATIVA INTEGRAL,441
1160,GESTIOS ADMINISTRATIVA Y SEGURIDAD DE INSTALACIONES,441
1161,GESTION AGROPRODUCTIVA,441
1162,GESTION AGROPRODUCTIVO Y AGROALIMENTARIOS,441
1163,GESTION BANCARIA,441
1164,GESTION BIBLIOTECARIA,441
1165,GESTION CUMUNAL,441
1166,GESTION COMUNICACIONAL INSTITUCIONAL,441
1167,GESTION DE DESASTRES,441
1168,GESTION DE MEDIOS AUDIOVISUALES,441
1169,GESTION DE PARTO HUMANIZADO,441
1170,GESTION DE RIESGOS DE SEGURIDAD INDUSTRIAL,441
1171,GESTION EDUCATIVA,441
1172,GESTION EN FORMACION Y COMUNICACION,441
1173,GESTION EN POLITICAS PUBLICAS,441
1174,GESTION EN POLITICAS PUBLICAS INTERNACIONALES,441
1175,GESTION EN PRODUCCION AGROPECUARIA,441
1176,GESTION ESTRATEGICA Y DESARROLLO DE POLITICAS PUBLICAS,441
1177,GESTION FINANCIERA,441
1178,GESTION GERENCIAL,441
1179,GESTION INFORMATICA,441
1180,GESTION POLITICA,441
1181,GESTION PROMOCION CULTURAL,441
1182,GESTION SOCIAL DE SALUD,441
1183,GESTION TURISTICA,441
1184,GESTION Y ADMINISTRACION DE POLITICAS PUBLICAS,441
1185,GESTION ADMINISTRACION PUBLICA,441
1186,HIDROCARBUROS,441
1187,IDIOMAS MODERNOS,441
1188,INFORMATICA Y TICS,441
1189,INFORMACION Y DOCUMENTACION,441
1190,INFORMATICA Y SISTEMAS,441
1191,INFORMATICA Y SISTEMAS DE INFORMACION,441
1192,INFORMATICA Y TELECOMUNICACIONES,441
1193,INVESTIGACION PARA LA SEGURIDAD Y DEFENSA DE LA NACION,441
1194,LENGUA Y LITERATURA,441
1195,LITERATURA,441
1196,LOGISTICA Y DISTRIBUCCION DE ALIMENTOS,441
1197,MANTENIMIENTO Y SERVICIOS,441
1198,MATEMATICA FISICA Y QUIMICA,441
1199,MECANICA AUTOMOTRIZ,441
1200,MERCADEO,441
1201,MUSEOLOGIA,441
1202,MUSICA,441
1203,MUSICOLOGIA,441
1204,OPERACIONES LOGISTICAS,441
1205,ORGANIZACION Y SISTEMAS,441
1206,ORGANIZACION POPULAR,441
1207,ORIENTACION,441
1208,ORIENTACION ESCOLAR,441
1209,ORIENTACION JUVENIL,441
1210,PEDAGOGIA RELIGIOSA,441
1211,PLANIFICACION ESTRATEGICA,441
1212,PRE HOSPITALARIA,441
1213,PROCESOS AGROPECUARIOS,441
1214,PROCESOS AGROPRODUCTIVOS Y AGROALIMENTARIOS,441
1215,PROCESOS LEGISLATIVOS EN FORMACION SOCIOPOLITICA,441
1216,PROCESOS LEGISLATIVOS EN LOGISTICA,441
1217,PROCESOS LEGISLATIVOS EN ORGANIZACION COMUNITARIA,441
1218,PROCESOS LEGISLATIVOS EN SEGURIDAD,441
1219,PROCESOS LEGISLATIVOS EN SISTEMAS INFORMATICOS DE RECURSOS EMPRESARIAL,441
1220,PRODUCCION AGROPECUARIA,441
1221,PRODUCCION AUDIOVISUAL,441
1222,PRODUCCION Y TRANSFORMACION DEL CACAO,441
1223,PROTOCOLO INSTITUCIONAL,441
1224,PUBLICIDAD Y MERCADEO,441
1225,RADIOLOGIA,441
1226,REALIZACION ESCENOGRAFICA,441
1227,RECURSOS MATERIALES Y FINANCIEROS,441
1228,RESCATE Y TECNICAS DE LAS CIENCIAS EL FUEGO,441
1229,SALUD,441
1230,SALUD PUBLICA,441
1231,SECRETARIADO EJECUTIVO ADMINISTRATIVO,441
1232,SEGURIDAD COMUNAL,441
1233,SEGURIDAD INDUSTRIAL AMBIENTE SEGURIDAD OCUPACIONAL,441
1234,SEGURIDAD OCUPACIONAL,441
1235,SEGURIDAD Y DEFENSA LABORAL,441
1236,SERVICIOS INTEGRALES DE CONSTRUCION Y MAESTRO DE OBRA,441
1237,TECNICAS AUDIOVISUALES,441
1238,TECNICAS JURISTICA,441
1239,TECNICAS LEGISLATIVAS,441
1240,TECNOLOGIA AGRICOLA,441
1241,TECNOLOGIA DE LA EDUCACION,441
1242,TERAPIA ALTERNATIVA,441
1243,TERAPIA FISICA Y REHABILITACION,441
1244,TRASPORTE Y SEGURIDAD VIAL,441
1245,TURISMO,441
1246,TURISMO COMUNAL,441
1247,TURISMO SOSTENIBLE,441
1248,TURISMO Y RECREACION,441
1249,VALORES Y ORIENTACION VOCACIONAL,441
1250,ADMINISTRACION EDUCATIVA,441
1251,ARTISTICA CULTURAL,441
1252,BIBLIOTECOLOGIA,441
1253,CASTELLANO,441
1254,CULTURA,441
1255,DESARROLLO ARTISTICO,441
1256,DESARROLLO FISICO Y DEPORTIVO,441
1257,DISENO GRAFICO Y PRODUCCION,441
1258,DIVERSIDAD E INTEGRACION,441
1259,EDUCACION EN LA DIVERSIDAD E INTEGRACION,441
1260,EDUCACION FISICA,441
1261,EDUCACION MEDIA,441
1262,GESTION PUBLICA Y PARTICIPACION,441
1263,HISTORIA NUESTROAMERICANA,441
1264,INFORMACION DOCUMENTACION,441
1265,INGLES,441
1266,MATEMATICA,441
1267,PRODUCCION CREATIVA,441
1268,RECURSOS DIDACTICOS PARA EL APRENDIZAJE,441
1269,SALUD MENTAL,441
1270,SOCIOLINGUISTICA DE LA SORDERA,441
1271,GERENCIA TEOLOGIA,441
1272,EMPREDIMIENTO E INNOVACION EMPRESARIAL,441
1273,ADMINISTRACION DE TALENTO HUMANO,441
1274,CULTURA,1337
1275,DANZA,1337
1276,DISENO GRAFICO Y PRODUCCION,1337
1277,DIVERSIDAD EN INTEGRACION,1337
1278,GESTION PUBLICA Y PARTICIPACION,1337
1279,INFORMACION Y DOCUMENTACION,1337
1280,MATEMATICA,1337
1281,ORIENTACION,1337
1282,PRODUCCION CREATIVA,1337
1283,SOCIOLIGUISTICA DE LA SORDERA,1337
1284,ADMINISTRACION DE EMPRESAS,1337
1285,GERENCIA TECNOLOGICA,1337
1286,EMPRENDIMIENTO E INNOVACION EMPRESARIAL,1337
1287,ADMINISTRACION DE RECURSOS HUMANOS,1337
1288,ADMINISTRACION DEL TALENTO HUMANO,1337
1289,ADMINISTRACION Y CORMERCIO EXTERIOR,1337
1290,ADMINISTRACION Y CONTADURIA,1337
1291,ADMINISTRACION Y GESTION DE POLITICAS PUBLICAS,1337
1292,ADMINISTRACIONY GESTION DEL TALENTO HUMANO,1337
1293,ARTES,1337
1294,ARTES MARCIALES,1337
1295,ARTES PLASTICAS,1337
1296,ARTES PLASTICAS VISUALES Y ARTESANALES,1337
1297,ARTESANIA,1337
1298,CAFICULTURA,1337
1299,CIENCIA TECNOLOGIA INGENIERIA Y MATEMATICA,1337
1300,CIENCIA NATURALES,1337
1301,CIENCIAS Y ARTES MILITARES,1337
1302,CONSTRUCCION CIVIL,1337
1303,CONTADURIA PUBLICA,1337
1304,CRIMINOLOGIA,1337
1305,DANZAS,1337
1306,DEFENSA INTEGRAL DE LA PATRIA,1337
1307,DESARROLLO HUMANO,1337
1308,DIFUSION CULTURAL,1337
1309,DISENO ARQUITECTONICO,1337
1310,EDUCACION ALTERNATIVA,1337
1311,EDUCACION AMBIENTAL,1337
1312,EDUCACION ADRAGOGICA PARA EL PROCESO SOCIAL DE TRABAJO,1337
1313,EDUCACION DANZA,1340
1314,EDUCACION EN LA DIVERSIDAD E INTEGRACION,1340
1315,EDUCACION EN LINEA,1340
1316,EDUCACION ESPECIAL ANDRAGOGICA,1340
1317,EDUCACION FISICA Y RECREACION EN PERSONAS SORDAS,1340
1318,EDUCACION FISICA,1340
1319,EDUCACION INGLES,1340
1320,EDUCACION MUSICAL,1340
1321,EDUCACION MUSICAL EN TAMBORES DE FUNDAMENTOS BATA,1340
1322,EDUCACION MUSICAL Y DESARROLLO CULTURAL,1340
1323,EDUCACION TECNOCIENTIFICA,1340
1324,EDUCACION UNIVERSITARIA,1340
1325,EDUCACION Y DEPORTE,1340
1326,GESTION DE ESTADO,1337
1327,ESTUDIOS BIBLICOS TEOCRATICOS,1340
1328,EJECUTOR DE OBRAS,1340
1329,ELECTROMECANICA,1340
1330,EMERGENCIAS PREHOSPITALARIAS,1340
1331,EMERGENCIAS Y DESASTRES,1340
1332,EMPREDIMIENTO E INNOVACION EMPRESARIAL,1340
1333,ENSENANZA DEL ALJEDREZ,1337
1334,ENSENANZA DEL DISENO GRAFICO Y LA COMPUTACION,1337
1335,ESTUDIOS POLITICOS,1337
1336,FISICA,1337
1337,GERENCIA Y ADMINISTRACION,1337
1338,GESTION CULTURAL,1337
1339,GESTION DE POLITICAS PUBLICAS,1337
1340,GESTION DEPORTIVA,1337
1341,GESTION EN EDUCACION AMBIENTAL,1337
1342,GESTION HUMANA,1337
1343,GESTION SOCIAL Y DEPORTE,1337
1344,IDIOMAS,1337
1345,INFORMATICA Y REDES,1337
1346,LOGITICA INTEGRAL,1337
1347,MANEJO DE EMERGENCIAS,1337
1348,NEGOCIOS DIGITALES,1337
1349,ORGANIZACION SOCIAL,1337
1350,ORIENTACION ESCOLAR,1337
1351,PREVENCION DEL DELITO,1337
1352,SEGURIDAD E INVESTIFGACION PENAL,1337
1353,SEGURIDAD INDUSTRIAL AMBIENTE SEGURIDAD OCUPACIONAL,1337
1354,SEGURIDAD OCUPACIONAL,1337
1355,SEGURIDAD Y CIUDADANIA,1337
1356,SEGURIDAD Y DEFENSA,1337
1357,SOCIOPRODUCTIVIDAD,1337
1358,TECNICAS DE AUDIO Y SONIDO,1337
1359,EMERGENCIA PREHOSPITALARIAS,441
1360,GESTION SOCIAL EDUCATIVA,441
1361,CONFIABILIDAD,322
1362,MECANICA INDUSTRIAL,1483
1363,GUIATURA TURISTICA,1779
1364,ADMINISTRACION Y MERCADEO,441
1365,PESAS,372
1366,MUSICOLOGIA,1337
1367,RECURSOS HUMANOS,202
1368,LOGISTICA INTEGRAL,441
1369,PODER CONSTITUYENTE,1337
1370,ASESORAMIENTO INTEGRAL Y DESARROLLO HUMANO,1337
1371,MANEJO DE FAUNA SILVESTRE Y ACUATICA,1571
1372,LENGUA CASTELLANA Y LITERATURA,1483
1373,ADMINISTRACION DE LA RECREACION,1567
1374,GESTION EDUCATIVA,1337
1375,TURISMO Y HOTELERIA,7
1376,GASTRONOMIA,1779
1377,DISENO URBANO,452
1378,CANTO JAZZ,1273
1379,ORIENTACION JUVENIL,1337
1380,COMUNICACION ALTERNATIVA,1340
1381,HIGIENE Y SEGURIDAD LABORAL,1337
1382,EJECUCION INSTRUMENTAL PIANO JAZZ,1273
1383,MICROBIOLOGIA,200
1384,MUSEOLOGIA,135
1385,FRUTICULTURA,942
1386,PLANTAS NAVALES,274
1387,ARTES MUSICALES,1337
1388,BIOQUIMICA,200
1389,INGLES,540
1390,PRODUCCION,1363
1391,BIOLOGIA CELULAR,200
1392,DISENO GRAFICO COMPUTARIZADO,478
1393,NEGOCIOS DIGITALES,441
1394,ARTES INTEGRALES,441
1395,AUDIOVISUAL,441
1396,INFANTERIA DE MARINA,280
1397,MERCADOTECNIA,1682
1398,BIOLOGIA Y QUIMICA,1150
1399,AVIACION LOGISTICA,280
1400,ARTES MARCIALES Y ACTIVIDAD FISICA,1337
1401,EDUCACION PREESCOLAR,517
1402,PROCESOS LEGISLATIVOS EN GESTION DE ESTADO,441
1403,PARTICIPACION CIUDADANA,441
1404,GESTION DE ESTADO,441
1405,JURIDICO FISCAL,441
1406,MANTENIMIENTO DE AMBIENTES ESCOLARES,893
1407,GERENCIA DE ESTADO,441
1408,INGENIERIA DE SOFTWARE,217
1409,EDUCACION INGLES,1337
1410,BEISBOL,649
1411,GERENCIA EDUCATIVA,517
1412,TECNOLOGIA AGRICOLA,209
1413,AUDITORIA DE ESTADO,441
1414,ADMINISTRACION DE EMPRESAS AGROPECUARIAS,209
1415,GERENCIA Y PLANIFICACION,517
1416,CONTROL FISCAL,441
1417,ADMINISTRACION GESTION Y CONTROL FISCAL,441
1418,DE ARTES PLASTICA Y APRECIACION PLASTICA,1519
1419,EJECUCION INSTRUMENTAL CLARINETE SOLISTA SINFONICO,1273
1420,CERAMICA,135
1421,EDUCACION MEDIA BASICA DIVERSIFICADA Y PROFESIONAL,645
1422,TELECOMUNICACIONES,1029
1423,CADENAS PRODUCTIVAS,441
1424,INFANTERIA,277
1425,INGLES COMO LENGUA EXTRANJERA,1092
1426,SEGURIDAD Y ORDEN PUBLICO,267
1427,ENSENANZA DE LA GEOHISTORIA,517
1428,HISTORIA ECONOMIA Y SOCIAL DE VENEZUELA,933
1429,ARTILLERIA DE DEFENSA AEREA,277
1430,GESTION DE OBRAS PUBLICAS,441
1431,TURISMO COMUNITARIO,441
1432,ELECTRICIDAD,257
1433,DERECHO PUBLICO,197
1434,COMUNICACION SOCIAL,1750
1435,GESTION ADMINISTRACION Y SEGURIDAD DE INSTALACIONES,441
1436,FINANZAS,1151
1437,DESARROLLO AMBIENTAL,441
1438,GESTION EN SEGURIDAD LABORAL,441
1439,ADMINISTRATIVA Y SEGURIDAD DE INSTALACIONES,441
1440,SEGURIDAD Y PREVENCION CONTRA INCENDIOS,441
1441,APLICACIONES DIGITALES,441
1442,POLICIA MILITAR,274
1443,GESTION DE PROCESOS,441
1444,COMERCIO Y NEGOCIOS INTERNACIONALES,441
1445,TECNOLOGIA AGROPECUARIA,209
1446,SISTEMAS DE INFORMACION,441
1447,EDUCACION FISICA DEPORTE Y RECREACION PROFESIONALIZACION DOCENTE,517
1448,SEGURIDAD Y PROTECCION Y PERSONALIDADES DE ESTADO,441
1449,CONSTRUCCION TRADICIONAL,441
1450,ENSENANZA DE LAS CIENCIAS SOCIALES,517
1451,DESARROLLO COMUNAL,315
1452,SEGUROS,441
1453,AGROPECUARIAS,209
1454,ESTILISMO INTEGRAL,441
1455,EMERGENCIAS Y DESASTRES,1337
1456,PROMOCION SOCIOCULTURAL,441
1457,BIOQUIMICA Y BIOLOGIA MOLECULAR,214
1458,INTELIGENCIA ARTIFICIAL,965
1459,ORIENTACION,1750
1460,EDUCACION MUSICAL Y DESARROLLO CULTURAL,441
1461,INTELIGENCIA,696
1462,CONTRAINTELIGENCIA,696
1463,ARTILLERIA DE CAMPANA,696
1464,CABALLERIA Y BLINDADO,696
1465,SEGURIDAD Y ORDEN PUBLICO,696
1466,SEGURIDAD DE BASE,696
1467,OPERACIONES DE FLOTA,696
1468,PLANTAS NAVALES,696
1469,LOGISTICA,696
1470,INGENIERIA MILITAR,696
1471,INFANTERIA,696
1472,DEFENSA AEROESPACIAL INTEGRAL,696
1473,COMUNICACIONES,696
1474,MECANICA NAVAL,1029
1475,LOGISTICA EN INTENDENCIA,274
1476,ELECTROMECANICA,253
1477,DIFICULTADES DEL APRENDIZAJE,544
1478,CIENCIAS DEL FUEGO Y SEGURIDAD CONTRA INCENDIO,1029
1479,OPTIMIZACION DE PROCESOS,441
1480,SEGURIDAD Y SALUD EN EL TRABAJO,441
1481,MANTENIMIENTO NAVAL,916
1482,ADMINISTRACION EN MERCADOTECNIA,441
1483,DIRECCION,1235
1484,LOGISTICA,280
1485,LOGISTICA,253
1486,ADMINISTRACION DEL DEPORTE,549
1487,ADMINISTRACION DE MERCADEO,7
1488,SALUD BUCAL,441
1489,CULTURA POPULAR,1337
1490,EDUCACION PREESCOLAR,1337
1491,GESTION INTEGRAL DE LA BASURA,441
1492,DANZA CLASICA,576
1493,BIOLOGIA,1486
1494,FISICA,1495
1495,SEGURIDAD INFORMATICA,970
1496,EDUCACION EN DANZA,1337
1497,SEGURIDAD DE LA NACION,441
1498,SEGURIDAD INFORMATICA,1071
1499,EJECUCION INSTRUMENTAL PIANO,1273
1500,BIOLOGIA Y QUIMICA,1337
1501,ETNOHISTORIA,704
1502,GESTION PUBLICA,1337
1503,ARCHIVOLOGIA Y GESTION DOCUMENTAL,441
1504,PASTELERIA,441
1505,GASTRONOMIA,1337
1506,CIENCIA Y TECNOLOGIA DE ALIMENTOS,200
1507,EDUCACION INFORMATICA,1483
1508,ANTROPOLOGIA,1337
1509,PRODUCCION ANIMAL Y VEGETAL,441
1510,INDUSTRIA TEXTIL,1029
1511,EJECUCION INSTRUMENTAL PIANO SOLISTA SINFONICO,1273
1512,CIENCIA POLITICA,197
1513,ECOLOGIA HUMANA,1337
1514,EDUCACION Y DEPORTE,441
1515,BALONCESTO,649
1516,ELECTROMEDICINA,1029
1517,DIDACTICA Y PROCESOS DE APRENDIZAJE EN EDUCACION PREESCOLAR,1337
1518,AVIACION DEL EJERCITO,274
1519,GESTION URBANA,1153
1520,PENSAMIENTO Y OBRA SUCRISTA,1337
1521,DIRECCION DE AUDIOVISUALES,131
1522,ANALISIS DE SISTEMAS,963
1523,TECNOLOGIA Y DESARROLLO DE LA INSTRUCCION,517
1524,EDUCACION TECNOCIENTIFICA,1337
1525,METALMECANICA,253
1526,INTELIGENCIA AEREA,275
1527,METEOROLOGIA,274
1528,ATLETISMO,649
1529,DOCENCIA EN INGLES,517
1530,FRANCES,1483
1531,TEORIA Y METODOLOGIA DEL ENTRENAMIENTO DEPORTIVO,549
1532,DERECHO LABORAL,407
1533,CRIMINOLOGIA Y CIENCIAS POLICIALES,441
1534,GUARDERIA ECOSOCIALISTA,253
1535,CIENCIAS DE LA COMPUTACION,200
1536,ARMAMENTO,280
1537,DANZA NACIONALISTA,1337
1538,OPTIMIZACION,200
1539,ADMINISTRACION DE EMPRESAS AGROPECUARIAS,441
1540,HIDROGRAFIA Y NAVEGACION,274
1541,GEOGRAFIA MILITAR,253
1542,PROCESOS QUIMICOS,1552
1543,ADMINISTRACION DE FINANZAS BANCARIAS,21
1544,GAS,925
1545,TURISMO,534
1546,EDUCACION FAMILIAR Y HOMILETICA,1337
1547,DERECHOS DE NINOS NINAS Y ADOLESCENTES,1337
1548,PRODUCCION,1235
1549,DEFENSA ANTIAEREA,277
1550,GESTION AGROALIMENTARIA,441
1551,ARTES DE LA NATURALEZA,441
1552,MEDIOS MIXTOS,135
1553,ESTUDIOS FORENSES,441
1554,GESTION COMUNICACIONAL,441
1555,GESTION DE ADMINISTRACION,441
1556,TELEMATICA,1029
1557,URBANO Y FORESTAL CLASE UNIVERSITARIO,173
1558,EDUCACION ESPECIAL PARA PERSONAS EN SITUACION EN DISCAPACIDAD,1483
1559,DEFENSA AEREA,277
1560,GESTION EN ADMINISTRACION,441
1561,ARQUEOLOGIA,1337
1562,EJECUCION INSTRUMENTAL PERCUSION CLASICA SOLISTA SINFONICO,1273
1563,ESTRUCTURAS,1298
1564,ENSENANZA DE LA MATEMATICA PARA LA EDUCACION PRIMARIA,1337
1565,INTELIGENCIA MILITAR,277
1566,DESARROLLO ARTESANAL,1337
1567,CONSTRUCCION CIVIL,253
1568,GESTION GRAFICA,441
1569,ORIENTACION DE LA CONDUCTA,1337
1570,TRIBUTOS AREA RENTA INTERNA,215
1571,GESTION DE RIESGO,441
1572,TELECOMUNICACIONES,441
1573,RIEGOS Y SEGURO,441
1574,DESARROLLO DE PROYECTOS SOCIOPRODUCTIVOS,441
1575,DESARROLLO DE PROYECTOS SOCIPRODUCTIVOS,441
1576,EJECUCION INSTRUMENTAL MANDOLINA POPULAR,1273
1577,GERENCIA DE ORGANIZACIONES EDUCATIVAS,517
1578,EDUCACION UNIVERSITARIA,1337
1579,INFORMATICA,253
1580,TRADUCCION E INTERPRETACION,1337
1581,ADMINISTRACION DEL TALENTO HUMANO,274
1582,MANEJO DE GAS LICUADO DE PETROLEO,441
1583,GESTION DE RIESGOS,441
1584,EDUCACION AMBIENTAL,441
1585,EJECUCION INSTRUMENTAL TROMPETA SOLISTA SINFONICO,1273
1586,EJECUCION INSTRUMENTAL VIOLONCELLO SOLISTA SINFONICO,1273
1587,ADMINISTRACION DE RECURSOS FINANCIEROS,274
1588,LOGISTICA AEROESPACIAL,274
1589,SEGURIDAD INFORMATICA,1337
1590,METALURGIA,1706
1591,CIENCIAS SOCIALES Y HUMANIDADES,517
1592,ADMINISTRACION DE HOSPITALES,49
1593,GESTION PARA EL TALENTO HUMANO,441
1594,DESARROLLO INSTITUCIONAL Y COMUNITARIO,441
1595,DIDACTICA EN ARTES PLASTICAS,1337
1596,CIENCIAS POLITICAS,200
1597,GASTRONOMIA SOSTENIBLE,441
1598,GESTION EN PROGRAMAS SOCIALES,441
1599,RESOLUCION DE CONFLICTOS EN LA EDUCACION MEDIA,1337
1600,PROCESOS ADMINISTRATIVOS DE COMERCIALIZACION,441
1601,SISTEMAS INFORMATICOS DE PROCESOS EMPRESARIALES,441
1602,ESTRATEGIAS PEDAGOGICAS Y DIDACTICA PARA LA ENSENANZA DE LAS CIENCIAS NATURALES,1337
1603,HIGIENE Y SEGURIDAD INDUSTRIAL,441
1604,PROCESOS,178
1605,ADULTOS,1758
1606,EDUCACION INTERCULTURAL BILINGUE,1337
1607,DISENO TEATRAL,1660
1608,INTERPRETACION DE LA LENGUA DE SENAS VENEZOLANA,1337
1609,GERENCIA EMPRESARIAL,7
1610,ADMINISTRACION TRIBUTARIA,7
1611,CIENCIAS POLICIALES,441
1612,GESTION CULTURAL DE LAS ARTES Y LA LITERATURA,1337
1613,ECOLOGIA Y EDUCACION AMBIENTAL,517
1614,SEGURIDAD CIUDADANA,1337
1615,EJECUCION INSTRUMENTAL CONTRABAJO SOLISTA SINFONICO,1273
1616,TRIBUTOS,215
1617,ADMINISTRACION DE LA GESTION GERENCIAL,441
1618,ADUANAS,919
1619,ADMINISTRACION E INNOVACION EMPRESARIAL,441
1620,MEDICINA ANCESTRAL Y TERAPIAS COMPLEMENTARIAS,441
1621,DISENO DE ESPACIOS INTERIORES,470
1622,EJECUCION INSTRUMENTAL CUATRO TRADICIONAL POPULAR,1273
1623,GESTION SOCIAL Y POLITICA,441
1624,LOGISTICA ORGANIZACIONAL,441
1625,RIESGO Y SEGURIDAD,441
1626,GESTION SOCIAL,1337
1627,GESTION DEL BIENESTAR SOCIAL,1337
1628,DEPORTE Y ESTILO DE VIDA,1337
1629,FORMACION INICIAL,1337
1630,FORMACION INTEGRAL,1337
1631,RIESGO Y SEGUROS,441
1632,FISICA,1154
1633,EJECUCION INSTRUMENTAL FLAUTA TRASVERSA POPULAR,1273
1634,ADMINISTRACION DE RIESGOS Y SEGUROS,441
1635,GESTION DE PROCESOS INSTITUCIONALES,441
1636,ORIENTACION E INTEGRACION,1337
1637,PLANIFICACION DE PROCESOS ADMINISTRATIVOS,441
1638,REDES Y TELECOMUNICACIONES,970
1639,GESTION SOCIAL HUMANIZADA,441
1640,CREACION INTELECTUAL,1337
1641,GESTION SOCIAL DEL ESTILISMO,441
1642,FRANCES,1337
1643,CREACION INTELECTUAL,441
1644,SERVICIOS GENERALES,441
1645,GERENCIA Y ADMINISTRACION DE TALENTO HUMANO,441
1646,APOYO TECNICO PARLAMENTARIO Y CONTROL LEGISLATIVO,441
1647,EJECUCION INSTRUMENTAL ARPA POPULAR,1273
1648,ORDEN Y SEGURIDAD DEL PROCESO JUDICIAL,441
1649,EJECION INSTRUMENTAL ARPA POPULAR,1273
1650,ARTES Y OFICIOS,1337
1651,ANDRAGOGIA,1337
1652,NAUTICA CUBIERTA,257
1653,APOYO TECNICO PARLAMENTARIO Y CONTROL LEGISLATIVO,1337
1654,METALURGIA,441
1655,ADMINISTRACION BANCA Y FINANZAS,441
1656,REGIMEN PENITENCIARIO,1617
1657,CULTURA Y ARTE,1337
1658,EDUCACION FISICA Y RECREACION,1337
1659,GESTION DE RECURSOS HUMANOS,1029
1660,REDES Y TELECOMUNICACIONES,1071
1661,GERENTOLOGIA,1337
1662,GERENCIA EDUCATIVA,220
1663,CONTABILIDAD Y FINANZAS,441
1664,EMERGENCIAS MEDICAS,441
1665,GESTION DE DERECHOS HUMANOS,1337
1666,ADMINISTRACION DE LOS SERVICIOS DE SALUD,49
1667,GESTION DE LA FUNCION PUBLICA,441
1668,ADMINISTRACION Y GERENCIA,441
1669,GESTION ADMINISTRATIVA DE RECURSOS PUBLICOS,441
1670,CIBERSEGURIDAD Y CIBERINTELIGENCIA,1029
1671,SEGURIDAD DE LA NACION,1337
1672,EDUCACION MATEMATICA,1483
1673,SEGURIDAD INTEGRAL,1337
1674,GERENCIA,270
1675,GESTION PUBLICA Y PARTICIPACION CIUDADANA,441
1676,EDUCACION DE LA CIENCIA,1337
1677,LOGICA FILOSOFIA DE LA CIENCIA,718
1678,EDUCACION EN PLANIFICACION,441
1679,CIENCIAS SOCIALES,1337
1680,CONTRAINTELIGENCIA MILITAR,280
1681,PRODUCCION AGRICOLA,441
1682,INDUSTRIAL,7
1683,ORIENTACION EDUCATIVA,517
1684,DESARROLLO SOCIAL,1337
1685,BIOMECANICA,549
1686,OPERADOR DE GLP,441
1687,INFORMACION DE TECNOLOGIAS LIBRES,441
1688,VIGILANCIA Y CONTROL,253
1689,MANTENIMIENTO EN PETROLEO,441
1690,EJECUCION INSTRUMENTAL VIOLIN TRADICIONAL POPULAR,1273
1691,ELECTRONICA,253
1692,EDUCACION PARA LAS ARTES,1337
1693,CIENCIAS AGRICOLAS,441
1694,AGROALIMENTARIA,441
1695,ARTE TEXTIL,441
1696,IDENTIDAD CULTURAL,1337
1697,GERENCIA DE RECURSOS HUMANOS,190
1698,GESTION DE SERVICIOS,441
1699,GEOGRAFIA Y CATASTRO,441
1700,INSPECTOR DE BIENES,441
1701,LECTURA Y ESCRITURA,1337
1702,BIOLOGIA,1490
1703,SEGURIDAD INTEGRAL CIUDADANA,441
1704,LECTURA Y ESCRITURA,517
1705,CIENCIAS DEL DEPORTE Y LA ACTIVIDAD FISICA,1337
1706,DESARROLLO LOCAL Y FRONTERIZO,246
1707,SISTEMAS ELECTRICOS,441
1708,DIFICULTAD DE APRENDIZAJE,1337
1709,COSTOS,215
1710,QUIMICA,1150
1711,AGROINDUSTRIAL,1685
1712,OPERADORES SOCIALES,1337
1713,ESTUDIOS SOCIALES DE LA CIENCIA,200
1714,ETICA Y RESPONSABILIDAD SOCIAL,220
1715,FISICA Y MATEMATICA,639
1716,QUIMICA,639
1717,GESTION Y MANEJO EN TECNOLOGIAS DE LA INFORMACION,441
1718,GESTION DEL SECTOR ELECTRICO,441
1719,FUTBOL,1265
1720,ARTES GRAFICAS,441
1721,TECNOLOGIA PECUARIA,209
1722,EJECUCION INSTRUMENTAL FLAUTA TRASVERSA SOLISTA SINFONICO,1273
1723,GERENCIA EN FINANZAS DE LA EMPRESA,202
1724,DISENOS DE ARTES GRAFICAS,441
1725,EDUCACION ESPECIAL,1126
1726,GESTION AMBIENTAL,210
1727,BIENESTAR LABORAL,1627
1728,ARTICULACION SOCIAL,1337
1729,ORIENTACION SOCIOEMOCIONAL,1337
1730,PLANTAS NAVALES,253
1731,AGROPRODUCCION,1337
1732,EJECUCION INSTRUMENTAL FAGOT,1273
1733,SEGURIDAD Y PREVENCION,441
1734,PRODUCCION VEGETAL,441
1735,IMAGEN,146
1736,SEGURIDAD Y MANTENIMIENTO INDUSTRIAL,441
1737,IMAGEN,983
1738,EDUCACION TECNICA,1337
1739,GERENCIA EN FORMACION SOCIOPOLITICA,1337
1740,LENGUAS Y LITERATURAS CLASICAS,1133
1741,SEGURIDAD INDUSTRIAL,1337
1742,ELECTROMECANICA,257
1743,GUION AUDIOVISUAL,131
1744,GERENCIA AEROPORTUARIA,441
1745,CIENCIA DE LA RELIGION,1337
1746,EJECUCION INSTRUMENTAL SAXOFON TRADICIONAL POPULAR,1273
1747,AGROPECUARIA,441
1748,HISTORIA Y ETNOGRAFIA,1337
1749,CIENCIAS BIBLICAS,1750
1750,ADMINISTRACION TRIBUTARIA Y ADUANERA,441
1751,PROCESOS ADMINISTRATIVOS Y COMERCIALIZACION,441
1752,DIDACTICA DE LA ENSENANZA AGROPECUARIA,1337
1753,TELECOMUNICACIONES,664
1754,CONSTRUCCION ALTERNATIVA,1337
1755,SEGURIDAD Y DEFENSA DE LA NOCION,1337
1756,ADMINISTRACION DE GESTION HUMANA,441
1757,GESTION TECNOLOGICA,441
1758,CONSERVACION Y AMBIENTE,441
1759,REGISTRO DEL PATRIMONIO CULTURAL,1337
1760,COMUNICACION AUDIOVISUAL,441
1761,ADMINISTRACION ADUANERA Y TRIBUTARIA,441
1762,HIGIENE SEGURIDAD Y AMBIENTE,441
1763,HIGIENE BUCAL,441
1764,ENSENANZA DE LA ADMINISTRACION,1337
1765,DE BIOLOGIA Y CIENCIA GENERAL,1509
1766,SISTEMA PROCESAL,441
1767,HIGIENE BUCAL,1337
1768,LENGUA Y LITERATURA,1337
1769,PROCESOS ELECTORALES,441
1770,SEGURIDAD Y PROTECCION,441
1771,OBRAS HIDRAULICAS,438
1772,AUDIOVISUALES,1337
1773,SEGURIDAD,1348
1774,EDUCACION DE ADULTOS,1337
1775,TURISMO ORGANIZACIONAL,441
1776,MAQUINAS MARINAS,1772
1777,DESARROLLO COMUNITARIO,441
1778,BIOLOGIA,1500
1779,FLOTA LOGISTICA,280
1780,GESTION DE RIESGOS Y SALUD LABORAL,441
1781,GERENCIA,955
1782,TECNOLOGIA AGRICOLA,661
1783,LOGISTICA EN TRANSPORTE,274
1784,METEOROLOGIA AEROESPACIAL,253
1785,LOGISTICA EN ARMAMENTO,274
1786,ELECTROMECANICA,441
1787,ESTRATEGIAS PEDAGOGICAS Y DIDACTICA PARA LA ENSENANZA DE LAS CIENCIAS MATEMATICAS,1337
1788,ADMINISTRACION Y DESARROLLO DE PROYECTOS EN PUEBLOS INDIGENAS,441
1789,GERENCIA,1069
1790,CIENCIAS SOCIALES,558
1791,NUTRICION Y DIETETICA,1275
1792,ELABORACION DE PROTESIS DENTAL,1337
1793,ASISTENCIA ADMINISTRATIVA,441
1794,PSICOLOGIA INTEGRAL COMUNITARIA,1275
1795,PLANIFICACION EDUCATIVA,220
1796,PAVIMENTOS,1089
1797,ELABORACION DE PROTESIS DENTAL,441
1798,ADMINISTRACION DE OPERACIONES Y LOGISTICA,441
1799,IDIOMAS MODERNOS INGLES Y FRANCES,517
1800,MATEMATICAS,517
1801,OPERACIONES AEROESPACIALES PILOTOS,274
1802,IDIOMA MODERNO,1337
1803,INGENIERIA,696
1804,BOTANICA,200
1805,FORMACION SOCIOPRODUCTIVO,441
1806,ORFEBRERIA Y JOYERIA,1317
1807,ENSENANZA DE LA MATEMATICA PARA EDUCACION PRIMARIA,1337
1808,GESTION DE PROCESOS DE IRRADIACION GAMMA,1337
1809,EDUCACION MATEMATICA,1180
1810,RELACIONES INDUSTRIALES,1029
1811,POLIMEROS,194
1812,ADMINISTRACION EN AGROECOLOGIA,441
1813,POLICIA MILITAR,277
1814,PROCESOS ADMINISTRATIVOS OPERATIVOS Y FINANCIEROS,441
1815,OPERACIONES DE TRANSPORTE TERRESTRE,441
1816,EDUCACION PARA EL TRABAJO Y DESARROLLO ENDOGENO,517
1817,GERENCIA Y ADMINISTRACION DE RECURSOS FINANCIEROS,441
1818,LOGISTICA Y DISTRIBUCION,441
1819,GESTION DE RIESGOS Y SEGURIDAD LABORAL,441
1820,COMERCIALIZACION,441
1821,RECREACION INTEGRAL,1337
1822,MANTENIMIENTO DE EQUIPOS ELECTRICOS,1160
1823,AGROALIMENTACION,1337
1824,PLANIFICACION DE LOS RECURSOS NATURALES RENOVABLES,1571
1825,EDUCACION INTEGRAL Y RELIGIOSA,1337
1826,PROCESOS INDUSTRIALES EN ALIMENTOS,441
1827,PRODUCCION ANIMAL,1685
1828,GUARDERIA AMBIENTAL,1029
1829,RECLUSOS HUMANOS,21
1830,SALUD PUBLICA,1599
1831,PROCESOS INDUSTRIALES EN ALIMENTOS,1029
1832,FINANZAS INTERNACIONALES,246
1833,REDES DE EMPRESA,1745
1834,FORMACION SOCIO POLITICA,441
1835,EJECUCION INSTRUMENTAL OBOE SOLISTA SINFONICO,1273
1836,DESARROLLO OROFACIAL,441
1837,SEXOLOGIA MEDICA,200
1838,GERENCIA DE LA COMUNICACION,218
1839,PRODUCCION AGRICOLA,1029
1840,INGENIERIA MILITAR,274
1841,ENFERMERIA INTEGRAL COMUNITARIA,441
1842,EJECUCION INSTRUMENTAL CUATRO POPULAR,1273
1843,AGROALIMENTACION,1029
1844,PROTECCION CIVIL Y ADMINISTRACION DE DESASTRES,441
1845,METALMECANICA,274
1846,DISENO GRAFICO TECNICO,478
1847,GEOGRAFIA E HISTORIA,1337
1848,ADMINISTRACION TRABAJO Y SOSTENIBILIDAD,517
1849,TERAPIA CONDUCTUAL,1337
1850,DIDACTICA DE LA DANZA,1337
1851,OBRAS PUBLICAS,441
1852,MANTENIMIENTO DE EQUIPOS MECANICOS,1160
1853,AGROPECUARIAS,246
1854,TECNOLOGIA DE LA INFORMACION PARA EL DESARROLLO HUMANO,317
1855,TECNOLOGIA DE LA INFORMACION Y LA COMUNICACION PARA EL DESARROLLO HUMANO,317
1856,GESTION SOCIAL MUNICIPAL,441
1857,PLANIFICACION URBANA,452
1858,MECATRONICA,601
1859,ARMAMENTO,253
1860,OPERADOR DE SISTEMAS,441
1861,GERENCIA CULTURAL Y RECREATIVA,441
1862,GESTION COMERCIAL,441
1863,INFORMACION GERENCIAL,7
1864,GESTION ADMINISTRATIVA Y PRESUPUESTARIA,441
1865,ENTRENAMIENTO DEPORTIVO,441
1866,TECNICO EN MECANICA DETAL,441
1867,ELECTRICIDAD,1029
1868,ILUMINACION DE ESPECTACULOS,441
1869,ADMINISTRACION Y GESTION DE CONVENIOS,454
1870,PROMOCION DE LA LECTURA,1337
1871,GERENCIA DE MANTENIMIENTO,752
1872,CANTO COMPOSICION Y FOLKLORE,441
1873,ESTRATEGIAS PEDAGOGICAS DIDACTICAS PARA LAS ENSENANZAS,1337
1874,ESTRATEGIAS PEDAGOGICAS DIDACTICAS PARA LA ENSENANZAS DE LAS CIENCIAS NATURALES,1337
1875,PENITENCIARISMO,441
1876,EDUCACION INTEGRAL,1147
1877,SEGURIDAD Y RESGUARDO CIUDADANO,441
1878,GESTION DE RIESGOS,1337
1879,DISCAPACIDAD INTELECTUAL Y PROBLEMAS EMOCIONALES,1540
1880,ADMINISTRACION Y GESTION DE CONVENIOS,441
1881,GESTION ADMINISTRACION,441
1882,ECOLOGIA,200
1883,SEGURIDAD Y SALUD LABORAL,441
1884,AUDIOVISUAL GUION Y PRODUCCION,441
1885,INGENIERIA,277
1886,NATACION TERAPEUTICA,1337
1887,CULTURA Y PATRIMONIO CULTURAL,1337
1888,GESTION DOCUMENTAL,441
1889,LOGICA Y FILOSOFIA DE LA CIENCIA,718
1890,RELACIONES INTERNACIONALES,441
1891,INFORMATICA PARA SORDOS,441
1892,CONTABILIDAD Y FINANZAS,21
1893,EDUCACION,441
1894,GESTION COMERCIAL ALIMENTARIA,441
1895,BASICA INTEGRAL,1337
1896,MANTENIMIENTO E INFRAESTRUCTURAS,441
1897,GESTION ADMINISTRATIVA GERENCIAL,441
1898,ADMINISTRACION GERENCIAL,441
1899,EJECUCION INSTRUMENTAL GUITARRA TRADICIONAL POPULAR,1273
1900,ANTROPOLOGIA,200
1901,MERCADEO DIGITAL,441
1902,ADMINISTRACION DE ADUANAS,1337
1903,ADMINISTRACION DE ADUANAS,441
1904,ADMINISTRACION EN BANCARIA Y FINANZAS,441
1905,EDUCACION ESPECIAL AREA DE NINOS CON PROBLEMAS EN AUDICION Y LENGUAJE,517
1906,MECANICA Y MANTENIMIENTO NAVAL,1724
1907,GESTION DE RIEGO Y SEGURIDAD LABORAL,441
1908,GERENCIA ESTRATEGICA,441
1909,PROMOTOR SOCIAL,441
1910,ADMINISTRACION COMERCIAL Y BANCARIA,441
1911,EDUCACION PARA PERSONAS EN SITUACION DE DISCAPACIDAD,1483
1912,GESTION CONTABLE,441
1913,SEGURIDAD LABORAL,1337
1914,PLANIFICACION Y PRESUPUESTO,441
1915,CIENCIAS RELIGIOSAS,1750
1916,CIENCIAS AUDIOVISUALES,441
1917,ADMINISTRACION DE TECNOLOGIA DE LA INFORMACION,441
1918,GERENCIA CULINARIA EMPRESARIAL,441
1919,ESCATOLOGIA,1750
1920,GESTION DE RECURSOS HUMANOS,441
1921,PROCESOS FINANCIEROS,441
1922,GESTION DE GOBIERNO,441
1923,EDUCACION MUSICAL,441
1924,DOCENCIA EN EDUCACION SUPERIOR,997
1925,ARTICULACION SOCIAL,441
1926,FOTOGRAFIA,441
1927,PUBLICIDAD,441
1928,GESTION SEGURIDAD INTEGRAL,441
1929,LENGUAS DE SENAS Y CULTURA SORDA,1337
1930,LENGUAJE MUSICAL,1337
1931,PROCESOS EDUCATIVOS,1337
1932,TRIBUTARIA,441
1933,EDUCACION INFORMATICA,517
1934,SISTEMAS ADMINISTRATIVOS Y CONTABLES,7
1935,ANALISIS Y DISENO DE SISTEMAS,441
1936,SISTEMA COMPUTACIONALES,441
1937,TERAPIAS COMPLEMENTARIAS,441
1938,SEGURIDAD Y PROTECCION INTEGRAL,441
1939,ECONOMIA Y FINANZAS,441
1940,SEGURIDAD INDUSTRIAL Y CUSTODIA DE PERSONALIDADES,441
1941,TRANSITO TERRESTRE,441
1942,MECANICA DE MANTENIMIENTO,441
1943,EDUCACION PARA EL TRABAJO SUBAREA COMERCIAL,517
1944,AUDITORIA,441
1945,SEGURIDAD INTEGRAL Y CUSTODIA DE PERSONALIDADES,441
1946,GESTION ADMINISTRATIVA Y FINANCIERA,441
1947,NEUROEDUCACION NEURODIVERSIDAD E INCLUSION,1337
1948,HISTORIA,933
1949,SERVICIOS Y PROTOCOLO,441
1950,GERENCIA DE OPERACIONES Y LOGISTICA,441
1951,ADMINISTRACION EN TALENTO HUMANO,441
1952,LENGUA Y COMUNICACION,1337
1953,MATEMATICAS,441
1954,GESTION ELECTORAL,441
1955,GESTION ELECTORAL,1665
1956,HIGIENE Y SALUD LABORAL,441
1957,SONIDO,1235
1958,TRIBUTOS AREA RENTAS INTERNAS,215
1959,ECOLOGIA Y GESTION,441
1960,PREVENCION DEL DELITO Y PROTECCION DE PERSONALIDADES,441
1961,GESTION COMUNITARIA SOCIO POLITICA,441
1962,PRODUCCION INDUSTRIAL,441
1963,ACTIVIDAD FISICA Y DEPORTE,441
1964,PROCESAMIENTO DE ALIMENTOS,441
1965,ADMINISTRACION JUDICIAL,441
1966,SEGURIDAD INTEGRAL Y TECNOLOGIA,441
1967,VIGILANCIA Y CONTROL,274
1968,TECNOLOGIA,441
1969,CIBERSEGURIDAD,441
1970,ADMINISTRACION DE LA SEGURIDAD INTEGRAL,441
1971,SISTEMAS INFORMATICOS DE RECURSOS EMPRESARIALES,441
1972,PROCESOS LEGISLATIVOS,441
1973,ENSENANZA DEL INGLES COMO IDIOMA EXTRANJERO,517
